This is XeTeX, Version 3.141592653-2.6-0.999998 (TeX Live 2026) (preloaded format=xelatex 2026.3.1)  20 MAR 2026 15:31
entering extended mode
 \write18 enabled.
 %&-line parsing enabled.
**/Users/4d/Documents/GitHub/template/projects/act_inf_metaanalysis/output/slid
es/05_appendix_tooling_slides.tex

(/Users/4d/Documents/GitHub/template/projects/act_inf_metaanalysis/output/slide
s/05_appendix_tooling_slides.tex
LaTeX2e <2025-11-01>
L3 programming layer <2026-01-19>
(/usr/local/texlive/2026/texmf-dist/tex/latex/beamer/beamer.cls
Document Class: beamer 2026/01/22 v3.77 A class for typesetting presentations
(/usr/local/texlive/2026/texmf-dist/tex/latex/beamer/beamerbasemodes.sty
(/usr/local/texlive/2026/texmf-dist/tex/latex/etoolbox/etoolbox.sty
Package: etoolbox 2025/10/02 v2.5m e-TeX tools for LaTeX (JAW)
\etb@tempcnta=\count271
)
\beamer@tempbox=\box53
\beamer@tempcount=\count272
\c@beamerpauses=\count273

(/usr/local/texlive/2026/texmf-dist/tex/latex/beamer/beamerbasedecode.sty
\beamer@slideinframe=\count274
\beamer@minimum=\count275
\beamer@decode@box=\box54
)
\beamer@commentbox=\box55
\beamer@modecount=\count276
)
(/usr/local/texlive/2026/texmf-dist/tex/generic/iftex/iftex.sty
Package: iftex 2024/12/12 v1.0g TeX engine tests
)
\headdp=\dimen148
\footheight=\dimen149
\sidebarheight=\dimen150
\beamer@tempdim=\dimen151
\beamer@finalheight=\dimen152
\beamer@animht=\dimen153
\beamer@animdp=\dimen154
\beamer@animwd=\dimen155
\beamer@leftmargin=\dimen156
\beamer@rightmargin=\dimen157
\beamer@leftsidebar=\dimen158
\beamer@rightsidebar=\dimen159
\beamer@boxsize=\dimen160
\beamer@vboxoffset=\dimen161
\beamer@descdefault=\dimen162
\beamer@descriptionwidth=\dimen163
\beamer@lastskip=\skip49
\beamer@areabox=\box56
\beamer@animcurrent=\box57
\beamer@animshowbox=\box58
\beamer@sectionbox=\box59
\beamer@logobox=\box60
\beamer@linebox=\box61
\beamer@sectioncount=\count277
\beamer@subsubsectionmax=\count278
\beamer@subsectionmax=\count279
\beamer@sectionmax=\count280
\beamer@totalheads=\count281
\beamer@headcounter=\count282
\beamer@partstartpage=\count283
\beamer@sectionstartpage=\count284
\beamer@subsectionstartpage=\count285
\beamer@animationtempa=\count286
\beamer@animationtempb=\count287
\beamer@xpos=\count288
\beamer@ypos=\count289
\beamer@ypos@offset=\count290
\beamer@showpartnumber=\count291
\beamer@currentsubsection=\count292
\beamer@coveringdepth=\count293
\beamer@sectionadjust=\count294
\beamer@toclastsection=\count295
\beamer@tocsectionnumber=\count296

(/usr/local/texlive/2026/texmf-dist/tex/latex/beamer/beamerbaseoptions.sty
(/usr/local/texlive/2026/texmf-dist/tex/latex/graphics/keyval.sty
Package: keyval 2022/05/29 v1.15 key=value parser (DPC)
\KV@toks@=\toks17
))
\beamer@paperwidth=\skip50
\beamer@paperheight=\skip51

(/usr/local/texlive/2026/texmf-dist/tex/latex/geometry/geometry.sty
Package: geometry 2020/01/02 v5.9 Page Geometry

(/usr/local/texlive/2026/texmf-dist/tex/generic/iftex/ifvtex.sty
Package: ifvtex 2019/10/25 v1.7 ifvtex legacy package. Use iftex instead.
)
\Gm@cnth=\count297
\Gm@cntv=\count298
\c@Gm@tempcnt=\count299
\Gm@bindingoffset=\dimen164
\Gm@wd@mp=\dimen165
\Gm@odd@mp=\dimen166
\Gm@even@mp=\dimen167
\Gm@layoutwidth=\dimen168
\Gm@layoutheight=\dimen169
\Gm@layouthoffset=\dimen170
\Gm@layoutvoffset=\dimen171
\Gm@dimlist=\toks18
)
(/usr/local/texlive/2026/texmf-dist/tex/latex/pgf/math/pgfmath.sty
(/usr/local/texlive/2026/texmf-dist/tex/latex/pgf/utilities/pgfrcs.sty
(/usr/local/texlive/2026/texmf-dist/tex/generic/pgf/utilities/pgfutil-common.te
x
\pgfutil@everybye=\toks19
\pgfutil@tempdima=\dimen172
\pgfutil@tempdimb=\dimen173
)
(/usr/local/texlive/2026/texmf-dist/tex/generic/pgf/utilities/pgfutil-latex.def
\pgfutil@abb=\box62
) (/usr/local/texlive/2026/texmf-dist/tex/generic/pgf/utilities/pgfrcs.code.tex
(/usr/local/texlive/2026/texmf-dist/tex/generic/pgf/pgf.revision.tex)
Package: pgfrcs 2025-08-29 v3.1.11a (3.1.11a)
))
(/usr/local/texlive/2026/texmf-dist/tex/latex/pgf/utilities/pgfkeys.sty
(/usr/local/texlive/2026/texmf-dist/tex/generic/pgf/utilities/pgfkeys.code.tex
\pgfkeys@pathtoks=\toks20
\pgfkeys@temptoks=\toks21

(/usr/local/texlive/2026/texmf-dist/tex/generic/pgf/utilities/pgfkeyslibraryfil
tered.code.tex
\pgfkeys@tmptoks=\toks22
)))
(/usr/local/texlive/2026/texmf-dist/tex/generic/pgf/math/pgfmath.code.tex
(/usr/local/texlive/2026/texmf-dist/tex/generic/pgf/math/pgfmathutil.code.tex
\pgf@x=\dimen174
\pgf@xa=\dimen175
\pgf@xb=\dimen176
\pgf@xc=\dimen177
\pgf@y=\dimen178
\pgf@ya=\dimen179
\pgf@yb=\dimen180
\pgf@yc=\dimen181
\c@pgf@counta=\count300
\c@pgf@countb=\count301
\c@pgf@countc=\count302
\c@pgf@countd=\count303
)
(/usr/local/texlive/2026/texmf-dist/tex/generic/pgf/math/pgfmathparser.code.tex
\pgfmath@dimen=\dimen182
\pgfmath@count=\count304
\pgfmath@box=\box63
\pgfmath@toks=\toks23
\pgfmath@stack@operand=\toks24
\pgfmath@stack@operation=\toks25
)
(/usr/local/texlive/2026/texmf-dist/tex/generic/pgf/math/pgfmathfunctions.code.
tex)
(/usr/local/texlive/2026/texmf-dist/tex/generic/pgf/math/pgfmathfunctions.basic
.code.tex)
(/usr/local/texlive/2026/texmf-dist/tex/generic/pgf/math/pgfmathfunctions.trigo
nometric.code.tex)
(/usr/local/texlive/2026/texmf-dist/tex/generic/pgf/math/pgfmathfunctions.rando
m.code.tex)
(/usr/local/texlive/2026/texmf-dist/tex/generic/pgf/math/pgfmathfunctions.compa
rison.code.tex)
(/usr/local/texlive/2026/texmf-dist/tex/generic/pgf/math/pgfmathfunctions.base.
code.tex)
(/usr/local/texlive/2026/texmf-dist/tex/generic/pgf/math/pgfmathfunctions.round
.code.tex)
(/usr/local/texlive/2026/texmf-dist/tex/generic/pgf/math/pgfmathfunctions.misc.
code.tex)
(/usr/local/texlive/2026/texmf-dist/tex/generic/pgf/math/pgfmathfunctions.integ
erarithmetics.code.tex)
(/usr/local/texlive/2026/texmf-dist/tex/generic/pgf/math/pgfmathcalc.code.tex)
(/usr/local/texlive/2026/texmf-dist/tex/generic/pgf/math/pgfmathfloat.code.tex
\c@pgfmathroundto@lastzeros=\count305
))) (/usr/local/texlive/2026/texmf-dist/tex/latex/base/size11.clo
File: size11.clo 2025/01/22 v1.4n Standard LaTeX file (size option)
)
(/usr/local/texlive/2026/texmf-dist/tex/latex/pgf/basiclayer/pgfcore.sty
(/usr/local/texlive/2026/texmf-dist/tex/latex/graphics/graphicx.sty
Package: graphicx 2024/12/31 v1.2e Enhanced LaTeX Graphics (DPC,SPQR)

(/usr/local/texlive/2026/texmf-dist/tex/latex/graphics/graphics.sty
Package: graphics 2024/08/06 v1.4g Standard LaTeX Graphics (DPC,SPQR)

(/usr/local/texlive/2026/texmf-dist/tex/latex/graphics/trig.sty
Package: trig 2023/12/02 v1.11 sin cos tan (DPC)
)
(/usr/local/texlive/2026/texmf-dist/tex/latex/graphics-cfg/graphics.cfg
File: graphics.cfg 2016/06/04 v1.11 sample graphics configuration
)
Package graphics Info: Driver file: xetex.def on input line 106.

(/usr/local/texlive/2026/texmf-dist/tex/latex/graphics-def/xetex.def
File: xetex.def 2025/11/01 v5.0p Graphics/color driver for xetex
))
\Gin@req@height=\dimen183
\Gin@req@width=\dimen184
)
(/usr/local/texlive/2026/texmf-dist/tex/latex/pgf/systemlayer/pgfsys.sty
(/usr/local/texlive/2026/texmf-dist/tex/generic/pgf/systemlayer/pgfsys.code.tex
Package: pgfsys 2025-08-29 v3.1.11a (3.1.11a)
\pgf@x=\dimen185
\pgf@y=\dimen186
\pgf@xa=\dimen187
\pgf@ya=\dimen188
\pgf@xb=\dimen189
\pgf@yb=\dimen190
\pgf@xc=\dimen191
\pgf@yc=\dimen192
\pgf@xd=\dimen193
\pgf@yd=\dimen194
\w@pgf@writea=\write3
\r@pgf@reada=\read2
\c@pgf@counta=\count306
\c@pgf@countb=\count307
\c@pgf@countc=\count308
\c@pgf@countd=\count309
\t@pgf@toka=\toks26
\t@pgf@tokb=\toks27
\t@pgf@tokc=\toks28
\pgf@sys@id@count=\count310
(/usr/local/texlive/2026/texmf-dist/tex/generic/pgf/systemlayer/pgf.cfg
File: pgf.cfg 2025-08-29 v3.1.11a (3.1.11a)
)
Driver file for pgf: pgfsys-xetex.def

(/usr/local/texlive/2026/texmf-dist/tex/generic/pgf/systemlayer/pgfsys-xetex.de
f
File: pgfsys-xetex.def 2025-08-29 v3.1.11a (3.1.11a)

(/usr/local/texlive/2026/texmf-dist/tex/generic/pgf/systemlayer/pgfsys-dvipdfmx
.def
File: pgfsys-dvipdfmx.def 2025-08-29 v3.1.11a (3.1.11a)

(/usr/local/texlive/2026/texmf-dist/tex/generic/pgf/systemlayer/pgfsys-common-p
df.def
File: pgfsys-common-pdf.def 2025-08-29 v3.1.11a (3.1.11a)
)
\pgfsys@objnum=\count311
)))
(/usr/local/texlive/2026/texmf-dist/tex/generic/pgf/systemlayer/pgfsyssoftpath.
code.tex
File: pgfsyssoftpath.code.tex 2025-08-29 v3.1.11a (3.1.11a)
\pgfsyssoftpath@smallbuffer@items=\count312
\pgfsyssoftpath@bigbuffer@items=\count313
)
(/usr/local/texlive/2026/texmf-dist/tex/generic/pgf/systemlayer/pgfsysprotocol.
code.tex
File: pgfsysprotocol.code.tex 2025-08-29 v3.1.11a (3.1.11a)
)) (/usr/local/texlive/2026/texmf-dist/tex/latex/xcolor/xcolor.sty
Package: xcolor 2024/09/29 v3.02 LaTeX color extensions (UK)

(/usr/local/texlive/2026/texmf-dist/tex/latex/graphics-cfg/color.cfg
File: color.cfg 2016/01/02 v1.6 sample color configuration
)
Package xcolor Info: Driver file: xetex.def on input line 274.

(/usr/local/texlive/2026/texmf-dist/tex/latex/graphics/mathcolor.ltx)
Package xcolor Info: Model `cmy' substituted by `cmy0' on input line 1349.
Package xcolor Info: Model `RGB' extended on input line 1365.
Package xcolor Info: Model `HTML' substituted by `rgb' on input line 1367.
Package xcolor Info: Model `Hsb' substituted by `hsb' on input line 1368.
Package xcolor Info: Model `tHsb' substituted by `hsb' on input line 1369.
Package xcolor Info: Model `HSB' substituted by `hsb' on input line 1370.
Package xcolor Info: Model `Gray' substituted by `gray' on input line 1371.
Package xcolor Info: Model `wave' substituted by `hsb' on input line 1372.
)
(/usr/local/texlive/2026/texmf-dist/tex/generic/pgf/basiclayer/pgfcore.code.tex
Package: pgfcore 2025-08-29 v3.1.11a (3.1.11a)
(/usr/local/texlive/2026/texmf-dist/tex/generic/pgf/math/pgfint.code.tex)
(/usr/local/texlive/2026/texmf-dist/tex/generic/pgf/basiclayer/pgfcorepoints.co
de.tex
File: pgfcorepoints.code.tex 2025-08-29 v3.1.11a (3.1.11a)
\pgf@picminx=\dimen195
\pgf@picmaxx=\dimen196
\pgf@picminy=\dimen197
\pgf@picmaxy=\dimen198
\pgf@pathminx=\dimen199
\pgf@pathmaxx=\dimen256
\pgf@pathminy=\dimen257
\pgf@pathmaxy=\dimen258
\pgf@xx=\dimen259
\pgf@xy=\dimen260
\pgf@yx=\dimen261
\pgf@yy=\dimen262
\pgf@zx=\dimen263
\pgf@zy=\dimen264
)
(/usr/local/texlive/2026/texmf-dist/tex/generic/pgf/basiclayer/pgfcorepathconst
ruct.code.tex
File: pgfcorepathconstruct.code.tex 2025-08-29 v3.1.11a (3.1.11a)
\pgf@path@lastx=\dimen265
\pgf@path@lasty=\dimen266
)
(/usr/local/texlive/2026/texmf-dist/tex/generic/pgf/basiclayer/pgfcorepathusage
.code.tex
File: pgfcorepathusage.code.tex 2025-08-29 v3.1.11a (3.1.11a)
\pgf@shorten@end@additional=\dimen267
\pgf@shorten@start@additional=\dimen268
)
(/usr/local/texlive/2026/texmf-dist/tex/generic/pgf/basiclayer/pgfcorescopes.co
de.tex
File: pgfcorescopes.code.tex 2025-08-29 v3.1.11a (3.1.11a)
\pgfpic=\box64
\pgf@hbox=\box65
\pgf@layerbox@main=\box66
\pgf@picture@serial@count=\count314
)
(/usr/local/texlive/2026/texmf-dist/tex/generic/pgf/basiclayer/pgfcoregraphicst
ate.code.tex
File: pgfcoregraphicstate.code.tex 2025-08-29 v3.1.11a (3.1.11a)
\pgflinewidth=\dimen269
)
(/usr/local/texlive/2026/texmf-dist/tex/generic/pgf/basiclayer/pgfcoretransform
ations.code.tex
File: pgfcoretransformations.code.tex 2025-08-29 v3.1.11a (3.1.11a)
\pgf@pt@x=\dimen270
\pgf@pt@y=\dimen271
\pgf@pt@temp=\dimen272
)
(/usr/local/texlive/2026/texmf-dist/tex/generic/pgf/basiclayer/pgfcorequick.cod
e.tex
File: pgfcorequick.code.tex 2025-08-29 v3.1.11a (3.1.11a)
)
(/usr/local/texlive/2026/texmf-dist/tex/generic/pgf/basiclayer/pgfcoreobjects.c
ode.tex
File: pgfcoreobjects.code.tex 2025-08-29 v3.1.11a (3.1.11a)
)
(/usr/local/texlive/2026/texmf-dist/tex/generic/pgf/basiclayer/pgfcorepathproce
ssing.code.tex
File: pgfcorepathprocessing.code.tex 2025-08-29 v3.1.11a (3.1.11a)
)
(/usr/local/texlive/2026/texmf-dist/tex/generic/pgf/basiclayer/pgfcorearrows.co
de.tex
File: pgfcorearrows.code.tex 2025-08-29 v3.1.11a (3.1.11a)
\pgfarrowsep=\dimen273
)
(/usr/local/texlive/2026/texmf-dist/tex/generic/pgf/basiclayer/pgfcoreshade.cod
e.tex
File: pgfcoreshade.code.tex 2025-08-29 v3.1.11a (3.1.11a)
\pgf@max=\dimen274
\pgf@sys@shading@range@num=\count315
\pgf@shadingcount=\count316
)
(/usr/local/texlive/2026/texmf-dist/tex/generic/pgf/basiclayer/pgfcoreimage.cod
e.tex
File: pgfcoreimage.code.tex 2025-08-29 v3.1.11a (3.1.11a)
)
(/usr/local/texlive/2026/texmf-dist/tex/generic/pgf/basiclayer/pgfcoreexternal.
code.tex
File: pgfcoreexternal.code.tex 2025-08-29 v3.1.11a (3.1.11a)
\pgfexternal@startupbox=\box67
)
(/usr/local/texlive/2026/texmf-dist/tex/generic/pgf/basiclayer/pgfcorelayers.co
de.tex
File: pgfcorelayers.code.tex 2025-08-29 v3.1.11a (3.1.11a)
)
(/usr/local/texlive/2026/texmf-dist/tex/generic/pgf/basiclayer/pgfcoretranspare
ncy.code.tex
File: pgfcoretransparency.code.tex 2025-08-29 v3.1.11a (3.1.11a)
)
(/usr/local/texlive/2026/texmf-dist/tex/generic/pgf/basiclayer/pgfcorepatterns.
code.tex
File: pgfcorepatterns.code.tex 2025-08-29 v3.1.11a (3.1.11a)
)
(/usr/local/texlive/2026/texmf-dist/tex/generic/pgf/basiclayer/pgfcorerdf.code.
tex
File: pgfcorerdf.code.tex 2025-08-29 v3.1.11a (3.1.11a)
))) (/usr/local/texlive/2026/texmf-dist/tex/latex/pgf/utilities/xxcolor.sty
Package: xxcolor 2003/10/24 ver 0.1
\XC@nummixins=\count317
\XC@countmixins=\count318
) (/usr/local/texlive/2026/texmf-dist/tex/latex/base/atbegshi-ltx.sty
Package: atbegshi-ltx 2021/01/10 v1.0c Emulation of the original atbegshi
package with kernel methods
)
(/usr/local/texlive/2026/texmf-dist/tex/latex/hyperref/hyperref.sty
Package: hyperref 2026-01-29 v7.01p Hypertext links for LaTeX

(/usr/local/texlive/2026/texmf-dist/tex/latex/kvsetkeys/kvsetkeys.sty
Package: kvsetkeys 2022-10-05 v1.19 Key value parser (HO)
)
(/usr/local/texlive/2026/texmf-dist/tex/generic/kvdefinekeys/kvdefinekeys.sty
Package: kvdefinekeys 2019-12-19 v1.6 Define keys (HO)
)
(/usr/local/texlive/2026/texmf-dist/tex/generic/pdfescape/pdfescape.sty
Package: pdfescape 2019/12/09 v1.15 Implements pdfTeX's escape features (HO)

(/usr/local/texlive/2026/texmf-dist/tex/generic/ltxcmds/ltxcmds.sty
Package: ltxcmds 2023-12-04 v1.26 LaTeX kernel commands for general use (HO)
)
(/usr/local/texlive/2026/texmf-dist/tex/generic/pdftexcmds/pdftexcmds.sty
Package: pdftexcmds 2020-06-27 v0.33 Utility functions of pdfTeX for LuaTeX (HO
)

(/usr/local/texlive/2026/texmf-dist/tex/generic/infwarerr/infwarerr.sty
Package: infwarerr 2019/12/03 v1.5 Providing info/warning/error messages (HO)
)
Package pdftexcmds Info: \pdf@primitive is available.
Package pdftexcmds Info: \pdf@ifprimitive is available.
Package pdftexcmds Info: \pdfdraftmode not found.
))
(/usr/local/texlive/2026/texmf-dist/tex/latex/hycolor/hycolor.sty
Package: hycolor 2020-01-27 v1.10 Color options for hyperref/bookmark (HO)
)
(/usr/local/texlive/2026/texmf-dist/tex/latex/hyperref/nameref.sty
Package: nameref 2026-01-29 v2.58 Cross-referencing by name of section

(/usr/local/texlive/2026/texmf-dist/tex/latex/refcount/refcount.sty
Package: refcount 2019/12/15 v3.6 Data extraction from label references (HO)
)
(/usr/local/texlive/2026/texmf-dist/tex/generic/gettitlestring/gettitlestring.s
ty
Package: gettitlestring 2019/12/15 v1.6 Cleanup title references (HO)
 (/usr/local/texlive/2026/texmf-dist/tex/latex/kvoptions/kvoptions.sty
Package: kvoptions 2022-06-15 v3.15 Key value format for package options (HO)
))
\c@section@level=\count319
)
(/usr/local/texlive/2026/texmf-dist/tex/generic/stringenc/stringenc.sty
Package: stringenc 2019/11/29 v1.12 Convert strings between diff. encodings (HO
)
)
\@linkdim=\dimen275
\Hy@linkcounter=\count320
\Hy@pagecounter=\count321

(/usr/local/texlive/2026/texmf-dist/tex/latex/hyperref/pd1enc.def
File: pd1enc.def 2026-01-29 v7.01p Hyperref: PDFDocEncoding definition (HO)
)
(/usr/local/texlive/2026/texmf-dist/tex/generic/intcalc/intcalc.sty
Package: intcalc 2019/12/15 v1.3 Expandable calculations with integers (HO)
)
\Hy@SavedSpaceFactor=\count322

(/usr/local/texlive/2026/texmf-dist/tex/latex/hyperref/puenc.def
File: puenc.def 2026-01-29 v7.01p Hyperref: PDF Unicode definition (HO)
)
Package hyperref Info: Option `unicode' set `true' on input line 4072.
Package hyperref Info: Option `bookmarks' set `true' on input line 4072.
Package hyperref Info: Option `bookmarksopen' set `true' on input line 4072.
Package hyperref Info: Option `implicit' set `false' on input line 4072.
Package hyperref Info: Hyper figures OFF on input line 4201.
Package hyperref Info: Link nesting OFF on input line 4206.
Package hyperref Info: Hyper index ON on input line 4209.
Package hyperref Info: Plain pages OFF on input line 4216.
Package hyperref Info: Backreferencing OFF on input line 4221.
Package hyperref Info: Implicit mode OFF; no redefinition of LaTeX internals.
Package hyperref Info: Bookmarks ON on input line 4468.
\c@Hy@tempcnt=\count323

(/usr/local/texlive/2026/texmf-dist/tex/latex/url/url.sty
\Urlmuskip=\muskip17
Package: url 2013/09/16  ver 3.4  Verb mode for urls, etc.
)
LaTeX Info: Redefining \url on input line 4807.
\XeTeXLinkMargin=\dimen276

(/usr/local/texlive/2026/texmf-dist/tex/generic/bitset/bitset.sty
Package: bitset 2019/12/09 v1.3 Handle bit-vector datatype (HO)

(/usr/local/texlive/2026/texmf-dist/tex/generic/bigintcalc/bigintcalc.sty
Package: bigintcalc 2019/12/15 v1.5 Expandable calculations on big integers (HO
)
))
\Fld@menulength=\count324
\Field@Width=\dimen277
\Fld@charsize=\dimen278
Package hyperref Info: Hyper figures OFF on input line 6084.
Package hyperref Info: Link nesting OFF on input line 6089.
Package hyperref Info: Hyper index ON on input line 6092.
Package hyperref Info: backreferencing OFF on input line 6099.
Package hyperref Info: Link coloring OFF on input line 6104.
Package hyperref Info: Link coloring with OCG OFF on input line 6109.
Package hyperref Info: PDF/A mode OFF on input line 6114.
\Hy@abspage=\count325


Package hyperref Message: Stopped early.

)
Package hyperref Info: Driver (autodetected): hxetex.
 (/usr/local/texlive/2026/texmf-dist/tex/latex/hyperref/hxetex.def
File: hxetex.def 2026-01-29 v7.01p Hyperref driver for XeTeX
\pdfm@box=\box68
\c@Hy@AnnotLevel=\count326
\HyField@AnnotCount=\count327
\Fld@listcount=\count328
\c@bookmark@seq@number=\count329

(/usr/local/texlive/2026/texmf-dist/tex/latex/rerunfilecheck/rerunfilecheck.sty
Package: rerunfilecheck 2025-06-21 v1.11 Rerun checks for auxiliary files (HO)

(/usr/local/texlive/2026/texmf-dist/tex/generic/uniquecounter/uniquecounter.sty
Package: uniquecounter 2019/12/15 v1.4 Provide unlimited unique counter (HO)
)
Package uniquecounter Info: New unique counter `rerunfilecheck' on input line 2
84.
)) (/usr/local/texlive/2026/texmf-dist/tex/latex/beamer/beamerbaserequires.sty
(/usr/local/texlive/2026/texmf-dist/tex/latex/beamer/beamerbasecompatibility.st
y) (/usr/local/texlive/2026/texmf-dist/tex/latex/beamer/beamerbasefont.sty
(/usr/local/texlive/2026/texmf-dist/tex/latex/amsfonts/amssymb.sty
Package: amssymb 2013/01/14 v3.01 AMS font symbols

(/usr/local/texlive/2026/texmf-dist/tex/latex/amsfonts/amsfonts.sty
Package: amsfonts 2013/01/14 v3.01 Basic AMSFonts support
\@emptytoks=\toks29
\symAMSa=\mathgroup4
\symAMSb=\mathgroup5
LaTeX Font Info:    Redeclaring math symbol \hbar on input line 98.
LaTeX Font Info:    Overwriting math alphabet `\mathfrak' in version `bold'
(Font)                  U/euf/m/n --> U/euf/b/n on input line 106.
))
(/usr/local/texlive/2026/texmf-dist/tex/latex/sansmathaccent/sansmathaccent.sty
Package: sansmathaccent 2020/01/31
(/usr/local/texlive/2026/texmf-dist/tex/latex/koma-script/scrlfile.sty
Package: scrlfile 2026/02/02 v3.49.2 KOMA-Script package (file load hooks)

(/usr/local/texlive/2026/texmf-dist/tex/latex/koma-script/scrlfile-hook.sty
Package: scrlfile-hook 2026/02/02 v3.49.2 KOMA-Script package (using LaTeX hook
s)

(/usr/local/texlive/2026/texmf-dist/tex/latex/koma-script/scrlogo.sty
Package: scrlogo 2026/02/02 v3.49.2 KOMA-Script package (logo)
)))))
(/usr/local/texlive/2026/texmf-dist/tex/latex/beamer/beamerbasetranslator.sty
(/usr/local/texlive/2026/texmf-dist/tex/latex/translator/translator.sty
Package: translator 2021-05-31 v1.12d Easy translation of strings in LaTeX
))
(/usr/local/texlive/2026/texmf-dist/tex/latex/beamer/beamerbasemisc.sty)
(/usr/local/texlive/2026/texmf-dist/tex/latex/beamer/beamerbasetwoscreens.sty)
(/usr/local/texlive/2026/texmf-dist/tex/latex/beamer/beamerbaseoverlay.sty
\beamer@argscount=\count330
\beamer@lastskipcover=\skip52
\beamer@trivlistdepth=\count331
)
(/usr/local/texlive/2026/texmf-dist/tex/latex/beamer/beamerbasetitle.sty)
(/usr/local/texlive/2026/texmf-dist/tex/latex/beamer/beamerbasesection.sty
\c@lecture=\count332
\c@part=\count333
\c@section=\count334
\c@subsection=\count335
\c@subsubsection=\count336
)
(/usr/local/texlive/2026/texmf-dist/tex/latex/beamer/beamerbaseframe.sty
\beamer@framebox=\box69
\beamer@frametitlebox=\box70
\beamer@zoombox=\box71
\beamer@zoomcount=\count337
\beamer@zoomframecount=\count338
\beamer@frametextheight=\dimen279
\c@subsectionslide=\count339
\beamer@frametopskip=\skip53
\beamer@framebottomskip=\skip54
\beamer@frametopskipautobreak=\skip55
\beamer@framebottomskipautobreak=\skip56
\beamer@envbody=\toks30
\framewidth=\dimen280
\c@framenumber=\count340
)
(/usr/local/texlive/2026/texmf-dist/tex/latex/beamer/beamerbaseverbatim.sty
\beamer@verbatimfileout=\write4
)
(/usr/local/texlive/2026/texmf-dist/tex/latex/beamer/beamerbaseframesize.sty
\beamer@splitbox=\box72
\beamer@autobreakcount=\count341
\beamer@autobreaklastheight=\dimen281
\beamer@frametitletoks=\toks31
\beamer@framesubtitletoks=\toks32
)
(/usr/local/texlive/2026/texmf-dist/tex/latex/beamer/beamerbaseframecomponents.
sty
\beamer@colheight=\skip57
\beamer@footins=\box73
) (/usr/local/texlive/2026/texmf-dist/tex/latex/beamer/beamerbasecolor.sty)
(/usr/local/texlive/2026/texmf-dist/tex/latex/beamer/beamerbasenotes.sty
\beamer@frameboxcopy=\box74
)
(/usr/local/texlive/2026/texmf-dist/tex/latex/beamer/beamerbasetoc.sty)
(/usr/local/texlive/2026/texmf-dist/tex/latex/beamer/beamerbasetemplates.sty
\beamer@sbttoks=\toks33

(/usr/local/texlive/2026/texmf-dist/tex/latex/beamer/beamerbaseauxtemplates.sty
(/usr/local/texlive/2026/texmf-dist/tex/latex/beamer/beamerbaseboxes.sty
\bmb@box=\box75
\bmb@colorbox=\box76
\bmb@boxwidth=\dimen282
\bmb@boxheight=\dimen283
\bmb@prevheight=\dimen284
\bmb@temp=\dimen285
\bmb@dima=\dimen286
\bmb@dimb=\dimen287
\bmb@prevheight=\dimen288
)
\beamer@blockheadheight=\dimen289
))
(/usr/local/texlive/2026/texmf-dist/tex/latex/beamer/beamerbaselocalstructure.s
ty (/usr/local/texlive/2026/texmf-dist/tex/latex/tools/enumerate.sty
Package: enumerate 2023/07/04 v3.00 enumerate extensions (DPC)
\@enLab=\toks34
)
\beamer@bibiconwidth=\skip58
\c@figure=\count342
\c@table=\count343
\abovecaptionskip=\skip59
\belowcaptionskip=\skip60
)
(/usr/local/texlive/2026/texmf-dist/tex/latex/beamer/beamerbasenavigation.sty
(/usr/local/texlive/2026/texmf-dist/tex/latex/beamer/beamerbasenavigationsymbol
s.tex)
\beamer@section@min@dim=\dimen290
)
(/usr/local/texlive/2026/texmf-dist/tex/latex/beamer/beamerbasetheorems.sty
(/usr/local/texlive/2026/texmf-dist/tex/latex/amsmath/amsmath.sty
Package: amsmath 2025/07/09 v2.17z AMS math features
\@mathmargin=\skip61

For additional information on amsmath, use the `?' option.
(/usr/local/texlive/2026/texmf-dist/tex/latex/amsmath/amstext.sty
Package: amstext 2024/11/17 v2.01 AMS text

(/usr/local/texlive/2026/texmf-dist/tex/latex/amsmath/amsgen.sty
File: amsgen.sty 1999/11/30 v2.0 generic functions
\@emptytoks=\toks35
\ex@=\dimen291
))
(/usr/local/texlive/2026/texmf-dist/tex/latex/amsmath/amsbsy.sty
Package: amsbsy 1999/11/29 v1.2d Bold Symbols
\pmbraise@=\dimen292
)
(/usr/local/texlive/2026/texmf-dist/tex/latex/amsmath/amsopn.sty
Package: amsopn 2022/04/08 v2.04 operator names
)
\inf@bad=\count344
LaTeX Info: Redefining \frac on input line 233.
\uproot@=\count345
\leftroot@=\count346
LaTeX Info: Redefining \overline on input line 398.
LaTeX Info: Redefining \colon on input line 409.
\classnum@=\count347
\DOTSCASE@=\count348
LaTeX Info: Redefining \ldots on input line 495.
LaTeX Info: Redefining \dots on input line 498.
LaTeX Info: Redefining \cdots on input line 619.
\Mathstrutbox@=\box77
\strutbox@=\box78
LaTeX Info: Redefining \big on input line 721.
LaTeX Info: Redefining \Big on input line 722.
LaTeX Info: Redefining \bigg on input line 723.
LaTeX Info: Redefining \Bigg on input line 724.
\big@size=\dimen293
LaTeX Font Info:    Redeclaring font encoding OML on input line 742.
LaTeX Font Info:    Redeclaring font encoding OMS on input line 743.
\macc@depth=\count349
LaTeX Info: Redefining \bmod on input line 904.
LaTeX Info: Redefining \pmod on input line 909.
LaTeX Info: Redefining \smash on input line 939.
LaTeX Info: Redefining \relbar on input line 969.
LaTeX Info: Redefining \Relbar on input line 970.
\c@MaxMatrixCols=\count350
\dotsspace@=\muskip18
\c@parentequation=\count351
\dspbrk@lvl=\count352
\tag@help=\toks36
\row@=\count353
\column@=\count354
\maxfields@=\count355
\andhelp@=\toks37
\eqnshift@=\dimen294
\alignsep@=\dimen295
\tagshift@=\dimen296
\tagwidth@=\dimen297
\totwidth@=\dimen298
\lineht@=\dimen299
\@envbody=\toks38
\multlinegap=\skip62
\multlinetaggap=\skip63
\mathdisplay@stack=\toks39
LaTeX Info: Redefining \[ on input line 2950.
LaTeX Info: Redefining \] on input line 2951.
)
(/usr/local/texlive/2026/texmf-dist/tex/latex/amscls/amsthm.sty
Package: amsthm 2020/05/29 v2.20.6
\thm@style=\toks40
\thm@bodyfont=\toks41
\thm@headfont=\toks42
\thm@notefont=\toks43
\thm@headpunct=\toks44
\thm@preskip=\skip64
\thm@postskip=\skip65
\thm@headsep=\skip66
\dth@everypar=\toks45
)
\c@theorem=\count356
)
(/usr/local/texlive/2026/texmf-dist/tex/latex/beamer/beamerbasethemes.sty))
(/usr/local/texlive/2026/texmf-dist/tex/latex/beamer/beamerthemedefault.sty
(/usr/local/texlive/2026/texmf-dist/tex/latex/beamer/beamerfontthemedefault.sty
)
(/usr/local/texlive/2026/texmf-dist/tex/latex/beamer/beamercolorthemedefault.st
y)
(/usr/local/texlive/2026/texmf-dist/tex/latex/beamer/beamerinnerthemedefault.st
y
\beamer@dima=\dimen300
\beamer@dimb=\dimen301
)
(/usr/local/texlive/2026/texmf-dist/tex/latex/beamer/beamerouterthemedefault.st
y))) (/usr/local/texlive/2026/texmf-dist/tex/latex/pgf/utilities/pgfpages.sty
Package: pgfpages 2011/01/05 ver 0.02

(/usr/local/texlive/2026/texmf-dist/tex/latex/tools/calc.sty
Package: calc 2025/03/01 v4.3b Infix arithmetic (KKT,FJ)
\calc@Acount=\count357
\calc@Bcount=\count358
\calc@Adimen=\dimen302
\calc@Bdimen=\dimen303
\calc@Askip=\skip67
\calc@Bskip=\skip68
LaTeX Info: Redefining \setlength on input line 86.
LaTeX Info: Redefining \addtolength on input line 87.
\calc@Ccount=\count359
\calc@Cskip=\skip69
)
\pgf@logicalpages=\count360
\pgf@firstshipout=\count361
\pgf@lastshipout=\count362
\pgf@currentshipout=\count363
\pgf@cpn=\count364
\pgf@shipoutnextto=\count365
\pgfphysicalheight=\dimen304
\pgfphysicalwidth=\dimen305
\pgfpages@shipoutbox=\box79
)
(/usr/local/texlive/2026/texmf-dist/tex/latex/unicode-math/unicode-math.sty
(/usr/local/texlive/2026/texmf-dist/tex/latex/l3kernel/expl3.sty
Package: expl3 2026-01-19 L3 programming layer (loader) 

(/usr/local/texlive/2026/texmf-dist/tex/latex/l3backend/l3backend-xetex.def
File: l3backend-xetex.def 2025-10-09 L3 backend support: XeTeX
\g__graphics_track_int=\count366
\g__pdfannot_backend_int=\count367
\g__pdfannot_backend_link_int=\count368
))
Package: unicode-math 2023/08/13 v0.8r Unicode maths in XeLaTeX and LuaLaTeX

(/usr/local/texlive/2026/texmf-dist/tex/latex/unicode-math/unicode-math-xetex.s
ty
Package: unicode-math-xetex 2023/08/13 v0.8r Unicode maths in XeLaTeX and LuaLa
TeX
 (/usr/local/texlive/2026/texmf-dist/tex/latex/l3packages/xparse/xparse.sty
Package: xparse 2025-10-09 L3 Experimental document command parser
)
(/usr/local/texlive/2026/texmf-dist/tex/latex/l3packages/l3keys2e/l3keys2e.sty
Package: l3keys2e 2025-10-09 LaTeX2e option processing using LaTeX3 keys
) (/usr/local/texlive/2026/texmf-dist/tex/latex/fontspec/fontspec.sty
Package: fontspec 2025/09/29 v2.9g Font selection for XeLaTeX and LuaLaTeX

(/usr/local/texlive/2026/texmf-dist/tex/latex/fontspec/fontspec-xetex.sty
Package: fontspec-xetex 2025/09/29 v2.9g Font selection for XeLaTeX and LuaLaTe
X
\l__fontspec_script_int=\count369
\l__fontspec_language_int=\count370
\l__fontspec_strnum_int=\count371
\l__fontspec_tmp_int=\count372
\l__fontspec_tmpa_int=\count373
\l__fontspec_tmpb_int=\count374
\l__fontspec_tmpc_int=\count375
\l__fontspec_em_int=\count376
\l__fontspec_emdef_int=\count377
\l__fontspec_strong_int=\count378
\l__fontspec_strongdef_int=\count379
\l__fontspec_tmpa_dim=\dimen306
\l__fontspec_tmpb_dim=\dimen307
\l__fontspec_tmpc_dim=\dimen308

(/usr/local/texlive/2026/texmf-dist/tex/latex/base/fontenc.sty
Package: fontenc 2025/07/18 v2.1d Standard LaTeX package
)
(/usr/local/texlive/2026/texmf-dist/tex/latex/fontspec/fontspec.cfg)))
(/usr/local/texlive/2026/texmf-dist/tex/latex/base/fix-cm.sty
Package: fix-cm 2020/11/24 v1.1t fixes to LaTeX

(/usr/local/texlive/2026/texmf-dist/tex/latex/base/ts1enc.def
File: ts1enc.def 2001/06/05 v3.0e (jk/car/fm) Standard LaTeX file
LaTeX Font Info:    Redeclaring font encoding TS1 on input line 47.
LaTeX Encoding Info:    Redeclaring text command \capitalcedilla (encoding TS1)
 on input line 49.
LaTeX Encoding Info:    Redeclaring text command \capitalogonek (encoding TS1) 
on input line 52.
LaTeX Encoding Info:    Redeclaring text command \capitalgrave (encoding TS1) o
n input line 55.
LaTeX Encoding Info:    Redeclaring text command \capitalacute (encoding TS1) o
n input line 56.
LaTeX Encoding Info:    Redeclaring text command \capitalcircumflex (encoding T
S1) on input line 57.
LaTeX Encoding Info:    Redeclaring text command \capitaltilde (encoding TS1) o
n input line 58.
LaTeX Encoding Info:    Redeclaring text command \capitaldieresis (encoding TS1
) on input line 59.
LaTeX Encoding Info:    Redeclaring text command \capitalhungarumlaut (encoding
 TS1) on input line 60.
LaTeX Encoding Info:    Redeclaring text command \capitalring (encoding TS1) on
 input line 61.
LaTeX Encoding Info:    Redeclaring text command \capitalcaron (encoding TS1) o
n input line 62.
LaTeX Encoding Info:    Redeclaring text command \capitalbreve (encoding TS1) o
n input line 63.
LaTeX Encoding Info:    Redeclaring text command \capitalmacron (encoding TS1) 
on input line 64.
LaTeX Encoding Info:    Redeclaring text command \capitaldotaccent (encoding TS
1) on input line 65.
LaTeX Encoding Info:    Redeclaring text command \t (encoding TS1) on input lin
e 66.
LaTeX Encoding Info:    Redeclaring text command \capitaltie (encoding TS1) on 
input line 67.
LaTeX Encoding Info:    Redeclaring text command \newtie (encoding TS1) on inpu
t line 68.
LaTeX Encoding Info:    Redeclaring text command \capitalnewtie (encoding TS1) 
on input line 69.
LaTeX Encoding Info:    Redeclaring text symbol \textcapitalcompwordmark (encod
ing TS1) on input line 70.
LaTeX Encoding Info:    Redeclaring text symbol \textascendercompwordmark (enco
ding TS1) on input line 71.
LaTeX Encoding Info:    Redeclaring text symbol \textquotestraightbase (encodin
g TS1) on input line 72.
LaTeX Encoding Info:    Redeclaring text symbol \textquotestraightdblbase (enco
ding TS1) on input line 73.
LaTeX Encoding Info:    Redeclaring text symbol \texttwelveudash (encoding TS1)
 on input line 74.
LaTeX Encoding Info:    Redeclaring text symbol \textthreequartersemdash (encod
ing TS1) on input line 75.
LaTeX Encoding Info:    Redeclaring text symbol \textleftarrow (encoding TS1) o
n input line 76.
LaTeX Encoding Info:    Redeclaring text symbol \textrightarrow (encoding TS1) 
on input line 77.
LaTeX Encoding Info:    Redeclaring text symbol \textblank (encoding TS1) on in
put line 78.
LaTeX Encoding Info:    Redeclaring text symbol \textdollar (encoding TS1) on i
nput line 79.
LaTeX Encoding Info:    Redeclaring text symbol \textquotesingle (encoding TS1)
 on input line 80.
LaTeX Encoding Info:    Redeclaring text command \textasteriskcentered (encodin
g TS1) on input line 81.
LaTeX Encoding Info:    Redeclaring text symbol \textdblhyphen (encoding TS1) o
n input line 92.
LaTeX Encoding Info:    Redeclaring text symbol \textfractionsolidus (encoding 
TS1) on input line 93.
LaTeX Encoding Info:    Redeclaring text symbol \textzerooldstyle (encoding TS1
) on input line 94.
LaTeX Encoding Info:    Redeclaring text symbol \textoneoldstyle (encoding TS1)
 on input line 95.
LaTeX Encoding Info:    Redeclaring text symbol \texttwooldstyle (encoding TS1)
 on input line 96.
LaTeX Encoding Info:    Redeclaring text symbol \textthreeoldstyle (encoding TS
1) on input line 97.
LaTeX Encoding Info:    Redeclaring text symbol \textfouroldstyle (encoding TS1
) on input line 98.
LaTeX Encoding Info:    Redeclaring text symbol \textfiveoldstyle (encoding TS1
) on input line 99.
LaTeX Encoding Info:    Redeclaring text symbol \textsixoldstyle (encoding TS1)
 on input line 100.
LaTeX Encoding Info:    Redeclaring text symbol \textsevenoldstyle (encoding TS
1) on input line 101.
LaTeX Encoding Info:    Redeclaring text symbol \texteightoldstyle (encoding TS
1) on input line 102.
LaTeX Encoding Info:    Redeclaring text symbol \textnineoldstyle (encoding TS1
) on input line 103.
LaTeX Encoding Info:    Redeclaring text symbol \textlangle (encoding TS1) on i
nput line 104.
LaTeX Encoding Info:    Redeclaring text symbol \textminus (encoding TS1) on in
put line 105.
LaTeX Encoding Info:    Redeclaring text symbol \textrangle (encoding TS1) on i
nput line 106.
LaTeX Encoding Info:    Redeclaring text symbol \textmho (encoding TS1) on inpu
t line 107.
LaTeX Encoding Info:    Redeclaring text symbol \textbigcircle (encoding TS1) o
n input line 108.
LaTeX Encoding Info:    Redeclaring text command \textcircled (encoding TS1) on
 input line 109.
LaTeX Encoding Info:    Redeclaring text symbol \textohm (encoding TS1) on inpu
t line 115.
LaTeX Encoding Info:    Redeclaring text symbol \textlbrackdbl (encoding TS1) o
n input line 116.
LaTeX Encoding Info:    Redeclaring text symbol \textrbrackdbl (encoding TS1) o
n input line 117.
LaTeX Encoding Info:    Redeclaring text symbol \textuparrow (encoding TS1) on 
input line 118.
LaTeX Encoding Info:    Redeclaring text symbol \textdownarrow (encoding TS1) o
n input line 119.
LaTeX Encoding Info:    Redeclaring text symbol \textasciigrave (encoding TS1) 
on input line 120.
LaTeX Encoding Info:    Redeclaring text symbol \textborn (encoding TS1) on inp
ut line 121.
LaTeX Encoding Info:    Redeclaring text symbol \textdivorced (encoding TS1) on
 input line 122.
LaTeX Encoding Info:    Redeclaring text symbol \textdied (encoding TS1) on inp
ut line 123.
LaTeX Encoding Info:    Redeclaring text symbol \textleaf (encoding TS1) on inp
ut line 124.
LaTeX Encoding Info:    Redeclaring text symbol \textmarried (encoding TS1) on 
input line 125.
LaTeX Encoding Info:    Redeclaring text symbol \textmusicalnote (encoding TS1)
 on input line 126.
LaTeX Encoding Info:    Redeclaring text symbol \texttildelow (encoding TS1) on
 input line 127.
LaTeX Encoding Info:    Redeclaring text symbol \textdblhyphenchar (encoding TS
1) on input line 128.
LaTeX Encoding Info:    Redeclaring text symbol \textasciibreve (encoding TS1) 
on input line 129.
LaTeX Encoding Info:    Redeclaring text symbol \textasciicaron (encoding TS1) 
on input line 130.
LaTeX Encoding Info:    Redeclaring text symbol \textacutedbl (encoding TS1) on
 input line 131.
LaTeX Encoding Info:    Redeclaring text symbol \textgravedbl (encoding TS1) on
 input line 132.
LaTeX Encoding Info:    Redeclaring text symbol \textdagger (encoding TS1) on i
nput line 133.
LaTeX Encoding Info:    Redeclaring text symbol \textdaggerdbl (encoding TS1) o
n input line 134.
LaTeX Encoding Info:    Redeclaring text symbol \textbardbl (encoding TS1) on i
nput line 135.
LaTeX Encoding Info:    Redeclaring text symbol \textperthousand (encoding TS1)
 on input line 136.
LaTeX Encoding Info:    Redeclaring text symbol \textbullet (encoding TS1) on i
nput line 137.
LaTeX Encoding Info:    Redeclaring text symbol \textcelsius (encoding TS1) on 
input line 138.
LaTeX Encoding Info:    Redeclaring text symbol \textdollaroldstyle (encoding T
S1) on input line 139.
LaTeX Encoding Info:    Redeclaring text symbol \textcentoldstyle (encoding TS1
) on input line 140.
LaTeX Encoding Info:    Redeclaring text symbol \textflorin (encoding TS1) on i
nput line 141.
LaTeX Encoding Info:    Redeclaring text symbol \textcolonmonetary (encoding TS
1) on input line 142.
LaTeX Encoding Info:    Redeclaring text symbol \textwon (encoding TS1) on inpu
t line 143.
LaTeX Encoding Info:    Redeclaring text symbol \textnaira (encoding TS1) on in
put line 144.
LaTeX Encoding Info:    Redeclaring text symbol \textguarani (encoding TS1) on 
input line 145.
LaTeX Encoding Info:    Redeclaring text symbol \textpeso (encoding TS1) on inp
ut line 146.
LaTeX Encoding Info:    Redeclaring text symbol \textlira (encoding TS1) on inp
ut line 147.
LaTeX Encoding Info:    Redeclaring text symbol \textrecipe (encoding TS1) on i
nput line 148.
LaTeX Encoding Info:    Redeclaring text symbol \textinterrobang (encoding TS1)
 on input line 149.
LaTeX Encoding Info:    Redeclaring text symbol \textinterrobangdown (encoding 
TS1) on input line 150.
LaTeX Encoding Info:    Redeclaring text symbol \textdong (encoding TS1) on inp
ut line 151.
LaTeX Encoding Info:    Redeclaring text symbol \texttrademark (encoding TS1) o
n input line 152.
LaTeX Encoding Info:    Redeclaring text symbol \textpertenthousand (encoding T
S1) on input line 153.
LaTeX Encoding Info:    Redeclaring text symbol \textpilcrow (encoding TS1) on 
input line 154.
LaTeX Encoding Info:    Redeclaring text symbol \textbaht (encoding TS1) on inp
ut line 155.
LaTeX Encoding Info:    Redeclaring text symbol \textnumero (encoding TS1) on i
nput line 156.
LaTeX Encoding Info:    Redeclaring text symbol \textdiscount (encoding TS1) on
 input line 157.
LaTeX Encoding Info:    Redeclaring text symbol \textestimated (encoding TS1) o
n input line 158.
LaTeX Encoding Info:    Redeclaring text symbol \textopenbullet (encoding TS1) 
on input line 159.
LaTeX Encoding Info:    Redeclaring text symbol \textservicemark (encoding TS1)
 on input line 160.
LaTeX Encoding Info:    Redeclaring text symbol \textlquill (encoding TS1) on i
nput line 161.
LaTeX Encoding Info:    Redeclaring text symbol \textrquill (encoding TS1) on i
nput line 162.
LaTeX Encoding Info:    Redeclaring text symbol \textcent (encoding TS1) on inp
ut line 163.
LaTeX Encoding Info:    Redeclaring text symbol \textsterling (encoding TS1) on
 input line 164.
LaTeX Encoding Info:    Redeclaring text symbol \textcurrency (encoding TS1) on
 input line 165.
LaTeX Encoding Info:    Redeclaring text symbol \textyen (encoding TS1) on inpu
t line 166.
LaTeX Encoding Info:    Redeclaring text symbol \textbrokenbar (encoding TS1) o
n input line 167.
LaTeX Encoding Info:    Redeclaring text symbol \textsection (encoding TS1) on 
input line 168.
LaTeX Encoding Info:    Redeclaring text symbol \textasciidieresis (encoding TS
1) on input line 169.
LaTeX Encoding Info:    Redeclaring text symbol \textcopyright (encoding TS1) o
n input line 170.
LaTeX Encoding Info:    Redeclaring text symbol \textordfeminine (encoding TS1)
 on input line 171.
LaTeX Encoding Info:    Redeclaring text symbol \textcopyleft (encoding TS1) on
 input line 172.
LaTeX Encoding Info:    Redeclaring text symbol \textlnot (encoding TS1) on inp
ut line 173.
LaTeX Encoding Info:    Redeclaring text symbol \textcircledP (encoding TS1) on
 input line 174.
LaTeX Encoding Info:    Redeclaring text symbol \textregistered (encoding TS1) 
on input line 175.
LaTeX Encoding Info:    Redeclaring text symbol \textasciimacron (encoding TS1)
 on input line 176.
LaTeX Encoding Info:    Redeclaring text symbol \textdegree (encoding TS1) on i
nput line 177.
LaTeX Encoding Info:    Redeclaring text symbol \textpm (encoding TS1) on input
 line 178.
LaTeX Encoding Info:    Redeclaring text symbol \texttwosuperior (encoding TS1)
 on input line 179.
LaTeX Encoding Info:    Redeclaring text symbol \textthreesuperior (encoding TS
1) on input line 180.
LaTeX Encoding Info:    Redeclaring text symbol \textasciiacute (encoding TS1) 
on input line 181.
LaTeX Encoding Info:    Redeclaring text symbol \textmu (encoding TS1) on input
 line 182.
LaTeX Encoding Info:    Redeclaring text symbol \textparagraph (encoding TS1) o
n input line 183.
LaTeX Encoding Info:    Redeclaring text symbol \textperiodcentered (encoding T
S1) on input line 184.
LaTeX Encoding Info:    Redeclaring text symbol \textreferencemark (encoding TS
1) on input line 185.
LaTeX Encoding Info:    Redeclaring text symbol \textonesuperior (encoding TS1)
 on input line 186.
LaTeX Encoding Info:    Redeclaring text symbol \textordmasculine (encoding TS1
) on input line 187.
LaTeX Encoding Info:    Redeclaring text symbol \textsurd (encoding TS1) on inp
ut line 188.
LaTeX Encoding Info:    Redeclaring text symbol \textonequarter (encoding TS1) 
on input line 189.
LaTeX Encoding Info:    Redeclaring text symbol \textonehalf (encoding TS1) on 
input line 190.
LaTeX Encoding Info:    Redeclaring text symbol \textthreequarters (encoding TS
1) on input line 191.
LaTeX Encoding Info:    Redeclaring text symbol \texteuro (encoding TS1) on inp
ut line 192.
LaTeX Encoding Info:    Redeclaring text symbol \texttimes (encoding TS1) on in
put line 193.
LaTeX Encoding Info:    Redeclaring text symbol \textdiv (encoding TS1) on inpu
t line 194.
))
\g__um_fam_int=\count380
\g__um_fonts_used_int=\count381
\l__um_primecount_int=\count382
\g__um_primekern_muskip=\muskip19

(/usr/local/texlive/2026/texmf-dist/tex/latex/unicode-math/unicode-math-table.t
ex))) (/usr/local/texlive/2026/texmf-dist/tex/latex/lm/lmodern.sty
Package: lmodern 2015/05/01 v1.6.1 Latin Modern Fonts
LaTeX Font Info:    Overwriting symbol font `operators' in version `normal'
(Font)                  OT1/cmr/m/n --> OT1/lmr/m/n on input line 22.
LaTeX Font Info:    Overwriting symbol font `letters' in version `normal'
(Font)                  OML/cmm/m/it --> OML/lmm/m/it on input line 23.
LaTeX Font Info:    Overwriting symbol font `symbols' in version `normal'
(Font)                  OMS/cmsy/m/n --> OMS/lmsy/m/n on input line 24.
LaTeX Font Info:    Overwriting symbol font `largesymbols' in version `normal'
(Font)                  OMX/cmex/m/n --> OMX/lmex/m/n on input line 25.
LaTeX Font Info:    Overwriting symbol font `operators' in version `bold'
(Font)                  OT1/cmr/bx/n --> OT1/lmr/bx/n on input line 26.
LaTeX Font Info:    Overwriting symbol font `letters' in version `bold'
(Font)                  OML/cmm/b/it --> OML/lmm/b/it on input line 27.
LaTeX Font Info:    Overwriting symbol font `symbols' in version `bold'
(Font)                  OMS/cmsy/b/n --> OMS/lmsy/b/n on input line 28.
LaTeX Font Info:    Overwriting symbol font `largesymbols' in version `bold'
(Font)                  OMX/cmex/m/n --> OMX/lmex/m/n on input line 29.
LaTeX Font Info:    Overwriting math alphabet `\mathbf' in version `normal'
(Font)                  OT1/cmr/bx/n --> OT1/lmr/bx/n on input line 31.
LaTeX Font Info:    Overwriting math alphabet `\mathsf' in version `normal'
(Font)                  OT1/cmss/m/n --> OT1/lmss/m/n on input line 32.
LaTeX Font Info:    Overwriting math alphabet `\mathit' in version `normal'
(Font)                  OT1/cmr/m/it --> OT1/lmr/m/it on input line 33.
LaTeX Font Info:    Overwriting math alphabet `\mathtt' in version `normal'
(Font)                  OT1/cmtt/m/n --> OT1/lmtt/m/n on input line 34.
LaTeX Font Info:    Overwriting math alphabet `\mathbf' in version `bold'
(Font)                  OT1/cmr/bx/n --> OT1/lmr/bx/n on input line 35.
LaTeX Font Info:    Overwriting math alphabet `\mathsf' in version `bold'
(Font)                  OT1/cmss/bx/n --> OT1/lmss/bx/n on input line 36.
LaTeX Font Info:    Overwriting math alphabet `\mathit' in version `bold'
(Font)                  OT1/cmr/bx/it --> OT1/lmr/bx/it on input line 37.
LaTeX Font Info:    Overwriting math alphabet `\mathtt' in version `bold'
(Font)                  OT1/cmtt/m/n --> OT1/lmtt/m/n on input line 38.
)
(/usr/local/texlive/2026/texmf-dist/tex/latex/upquote/upquote.sty
Package: upquote 2012/04/19 v1.3 upright-quote and grave-accent glyphs in verba
tim

(/usr/local/texlive/2026/texmf-dist/tex/latex/base/textcomp.sty
Package: textcomp 2024/04/24 v2.1b Standard LaTeX package
))
(/usr/local/texlive/2026/texmf-dist/tex/latex/microtype/microtype.sty
Package: microtype 2026/03/01 v3.2d Micro-typographical refinements (RS)
\MT@toks=\toks46
\MT@tempbox=\box80
\MT@count=\count383
LaTeX Info: Redefining \noprotrusionifhmode on input line 1084.
LaTeX Info: Redefining \leftprotrusion on input line 1085.
\MT@prot@toks=\toks47
LaTeX Info: Redefining \rightprotrusion on input line 1104.
LaTeX Info: Redefining \textls on input line 1449.
\MT@outer@kern=\dimen309
LaTeX Info: Redefining \microtypecontext on input line 2053.
LaTeX Info: Redefining \textmicrotypecontext on input line 2070.
\MT@listname@count=\count384

(/usr/local/texlive/2026/texmf-dist/tex/latex/microtype/microtype-xetex.def
File: microtype-xetex.def 2026/03/01 v3.2d Definitions specific to xetex (RS)
LaTeX Info: Redefining \lsstyle on input line 443.
LaTeX Info: Redefining \lslig on input line 451.
\MT@outer@space=\skip70
)
Package microtype Info: Loading configuration file microtype.cfg.

(/usr/local/texlive/2026/texmf-dist/tex/latex/microtype/microtype.cfg
File: microtype.cfg 2026/03/01 v3.2d microtype main configuration file (RS)
)
LaTeX Info: Redefining \microtypesetup on input line 3065.
)
(/usr/local/texlive/2026/texmf-dist/tex/latex/parskip/parskip.sty
Package: parskip 2021-03-14 v2.0h non-zero parskip adjustments
)
(/usr/local/texlive/2026/texmf-dist/tex/latex/bookmark/bookmark.sty
Package: bookmark 2023-12-10 v1.31 PDF bookmarks (HO)

(/usr/local/texlive/2026/texmf-dist/tex/latex/bookmark/bkm-dvipdfm.def
File: bkm-dvipdfm.def 2023-12-10 v1.31 bookmark driver for dvipdfm (HO)
\BKM@id=\count385
))
(/usr/local/texlive/2026/texmf-dist/tex/latex/xurl/xurl.sty
Package: xurl 2022/01/09 v 0.10 modify URL breaks
)
(/Users/4d/Documents/GitHub/template/projects/act_inf_metaanalysis/output/slide
s/05_appendix_tooling_slides.aux)
\openout1 = `05_appendix_tooling_slides.aux'.

LaTeX Font Info:    Checking defaults for OML/cmm/m/it on input line 90.
LaTeX Font Info:    ... okay on input line 90.
LaTeX Font Info:    Checking defaults for OMS/cmsy/m/n on input line 90.
LaTeX Font Info:    ... okay on input line 90.
LaTeX Font Info:    Checking defaults for OT1/cmr/m/n on input line 90.
LaTeX Font Info:    ... okay on input line 90.
LaTeX Font Info:    Checking defaults for T1/cmr/m/n on input line 90.
LaTeX Font Info:    ... okay on input line 90.
LaTeX Font Info:    Checking defaults for TS1/cmr/m/n on input line 90.
LaTeX Font Info:    ... okay on input line 90.
LaTeX Font Info:    Checking defaults for TU/lmr/m/n on input line 90.
LaTeX Font Info:    ... okay on input line 90.
LaTeX Font Info:    Checking defaults for OMX/cmex/m/n on input line 90.
LaTeX Font Info:    ... okay on input line 90.
LaTeX Font Info:    Checking defaults for U/cmr/m/n on input line 90.
LaTeX Font Info:    ... okay on input line 90.
LaTeX Font Info:    Checking defaults for PD1/pdf/m/n on input line 90.
LaTeX Font Info:    ... okay on input line 90.
LaTeX Font Info:    Checking defaults for PU/pdf/m/n on input line 90.
LaTeX Font Info:    ... okay on input line 90.

*geometry* driver: auto-detecting
*geometry* detected driver: xetex
*geometry* verbose mode - [ preamble ] result:
* driver: xetex
* paper: custom
* layout: <same size as paper>
* layoutoffset:(h,v)=(0.0pt,0.0pt)
* modes: includehead includefoot 
* h-part:(L,W,R)=(28.45274pt, 307.28987pt, 28.45274pt)
* v-part:(T,H,B)=(0.0pt, 273.14662pt, 0.0pt)
* \paperwidth=364.19536pt
* \paperheight=273.14662pt
* \textwidth=307.28987pt
* \textheight=244.6939pt
* \oddsidemargin=-43.81725pt
* \evensidemargin=-43.81725pt
* \topmargin=-72.26999pt
* \headheight=14.22636pt
* \headsep=0.0pt
* \topskip=11.0pt
* \footskip=14.22636pt
* \marginparwidth=4.0pt
* \marginparsep=10.0pt
* \columnsep=10.0pt
* \skip\footins=10.0pt plus 4.0pt minus 2.0pt
* \hoffset=0.0pt
* \voffset=0.0pt
* \mag=1000
* \@twocolumnfalse
* \@twosidefalse
* \@mparswitchfalse
* \@reversemarginfalse
* (1in=72.27pt=25.4mm, 1cm=28.453pt)

Package hyperref Info: Link coloring OFF on input line 90.

(/usr/local/texlive/2026/texmf-dist/tex/latex/translator/translator-basic-dicti
onary-English.dict
Dictionary: translator-basic-dictionary, Language: English 
)
(/usr/local/texlive/2026/texmf-dist/tex/latex/translator/translator-bibliograph
y-dictionary-English.dict
Dictionary: translator-bibliography-dictionary, Language: English 
)
(/usr/local/texlive/2026/texmf-dist/tex/latex/translator/translator-environment
-dictionary-English.dict
Dictionary: translator-environment-dictionary, Language: English 
)
(/usr/local/texlive/2026/texmf-dist/tex/latex/translator/translator-months-dict
ionary-English.dict
Dictionary: translator-months-dictionary, Language: English 
)
(/usr/local/texlive/2026/texmf-dist/tex/latex/translator/translator-numbers-dic
tionary-English.dict
Dictionary: translator-numbers-dictionary, Language: English 
)
(/usr/local/texlive/2026/texmf-dist/tex/latex/translator/translator-theorem-dic
tionary-English.dict
Dictionary: translator-theorem-dictionary, Language: English 
)
LaTeX Font Info:    Overwriting math alphabet `\mathrm' in version `normal'
(Font)                  OT1/lmr/m/n --> TU/lmr/m/n on input line 90.
LaTeX Font Info:    Overwriting math alphabet `\mathit' in version `normal'
(Font)                  OT1/lmr/m/it --> TU/lmr/m/it on input line 90.
LaTeX Font Info:    Overwriting math alphabet `\mathbf' in version `normal'
(Font)                  OT1/lmr/bx/n --> TU/lmr/bx/n on input line 90.
LaTeX Font Info:    Overwriting math alphabet `\mathsf' in version `normal'
(Font)                  OT1/lmss/m/n --> TU/lmss/m/n on input line 90.
LaTeX Font Info:    Overwriting math alphabet `\mathsf' in version `bold'
(Font)                  OT1/lmss/bx/n --> TU/lmss/bx/n on input line 90.
LaTeX Font Info:    Overwriting math alphabet `\mathtt' in version `normal'
(Font)                  OT1/lmtt/m/n --> TU/lmtt/m/n on input line 90.
LaTeX Font Info:    Overwriting math alphabet `\mathtt' in version `bold'
(Font)                  OT1/lmtt/m/n --> TU/lmtt/bx/n on input line 90.

Package fontspec Info: 
(fontspec)             latinmodern-math scale = 1.03015890977869.


Package fontspec Info: 
(fontspec)             latinmodern-math scale = 1.03015890977869.


Package fontspec Info: 
(fontspec)             latinmodern-math scale = 1.03015890977869.


Package fontspec Info: 
(fontspec)             Font family 'latinmodern-math.otf(0)' created for font
(fontspec)             'latinmodern-math.otf' with options
(fontspec)             [Scale=MatchLowercase,BoldItalicFont={},ItalicFont={},Sm
allCapsFont={},Script=Math,BoldFont={latinmodern-math.otf}].
(fontspec)              
(fontspec)              This font family consists of the following NFSS
(fontspec)             series/shapes:
(fontspec)              
(fontspec)             - 'normal' (m/n) with NFSS spec.:
(fontspec)             <->s*[1.03015890977869]"[latinmodern-math.otf]/OT:script
=math;language=dflt;"
(fontspec)             - 'bold' (b/n) with NFSS spec.:
(fontspec)             <->s*[1.03015890977869]"[latinmodern-math.otf]/OT:script
=math;language=dflt;"

LaTeX Font Info:    Font shape `TU/latinmodern-math.otf(0)/m/n' will be
(Font)              scaled to size 11.28015pt on input line 90.

Package fontspec Info: 
(fontspec)             latinmodern-math scale = 1.03015890977869.


Package fontspec Info: 
(fontspec)             latinmodern-math scale = 1.03015890977869.


Package fontspec Info: 
(fontspec)             latinmodern-math scale = 1.03015890977869.


Package fontspec Info: 
(fontspec)             latinmodern-math scale = 1.03015890977869.


Package fontspec Info: 
(fontspec)             latinmodern-math scale = 1.03015890977869.


Package fontspec Info: 
(fontspec)             Font family 'latinmodern-math.otf(1)' created for font
(fontspec)             'latinmodern-math.otf' with options
(fontspec)             [Scale=MatchLowercase,BoldItalicFont={},ItalicFont={},Sm
allCapsFont={},Script=Math,SizeFeatures={{Size=9.3075-},{Size=6.57-9.3075,Font=
latinmodern-math.otf,Style=MathScript},{Size=-6.57,Font=latinmodern-math.otf,St
yle=MathScriptScript}},BoldFont={latinmodern-math.otf}].
(fontspec)              
(fontspec)              This font family consists of the following NFSS
(fontspec)             series/shapes:
(fontspec)              
(fontspec)             - 'normal' (m/n) with NFSS spec.:
(fontspec)             <9.3075->s*[1.03015890977869]"[latinmodern-math.otf]/OT:
script=math;language=dflt;"<6.57-9.3075>s*[1.03015890977869]"[latinmodern-math.
otf]/OT:script=math;language=dflt;+ssty=0;"<-6.57>s*[1.03015890977869]"[latinmo
dern-math.otf]/OT:script=math;language=dflt;+ssty=1;"
(fontspec)             - 'bold' (b/n) with NFSS spec.:
(fontspec)             <->s*[1.03015890977869]"[latinmodern-math.otf]/OT:script
=math;language=dflt;"

LaTeX Font Info:    Font shape `TU/latinmodern-math.otf(1)/m/n' will be
(Font)              scaled to size 11.28015pt on input line 90.
LaTeX Font Info:    Encoding `OT1' has changed to `TU' for symbol font
(Font)              `operators' in the math version `normal' on input line 90.
LaTeX Font Info:    Overwriting symbol font `operators' in version `normal'
(Font)                  OT1/lmr/m/n --> TU/latinmodern-math.otf(1)/m/n on input
 line 90.
LaTeX Font Info:    Encoding `OT1' has changed to `TU' for symbol font
(Font)              `operators' in the math version `bold' on input line 90.
LaTeX Font Info:    Overwriting symbol font `operators' in version `bold'
(Font)                  OT1/lmr/bx/n --> TU/latinmodern-math.otf(1)/b/n on inpu
t line 90.

Package fontspec Info: 
(fontspec)             latinmodern-math scale = 1.03015890977869.


Package fontspec Info: 
(fontspec)             latinmodern-math scale = 1.030261925669668.


Package fontspec Info: 
(fontspec)             latinmodern-math scale = 1.03015890977869.


Package fontspec Info: 
(fontspec)             latinmodern-math scale = 1.030261925669668.


Package fontspec Info: 
(fontspec)             latinmodern-math scale = 1.03015890977869.


Package fontspec Info: 
(fontspec)             latinmodern-math scale = 1.030261925669668.


Package fontspec Info: 
(fontspec)             latinmodern-math scale = 1.03015890977869.


Package fontspec Info: 
(fontspec)             latinmodern-math scale = 1.030261925669668.


Package fontspec Info: 
(fontspec)             latinmodern-math scale = 1.03015890977869.


Package fontspec Info: 
(fontspec)             latinmodern-math scale = 1.030261925669668.


Package fontspec Info: 
(fontspec)             Font family 'latinmodern-math.otf(2)' created for font
(fontspec)             'latinmodern-math.otf' with options
(fontspec)             [Scale=MatchLowercase,BoldItalicFont={},ItalicFont={},Sm
allCapsFont={},Script=Math,SizeFeatures={{Size=9.3075-},{Size=6.57-9.3075,Font=
latinmodern-math.otf,Style=MathScript},{Size=-6.57,Font=latinmodern-math.otf,St
yle=MathScriptScript}},BoldFont={latinmodern-math.otf},ScaleAgain=1.0001,FontAd
justment={\fontdimen
(fontspec)             8\font =7.63666pt\relax \fontdimen 9\font
(fontspec)             =4.44438pt\relax \fontdimen 10\font =5.00839pt\relax
(fontspec)             \fontdimen 11\font =7.73819pt\relax \fontdimen 12\font
(fontspec)             =3.89165pt\relax \fontdimen 13\font =4.0947pt\relax
(fontspec)             \fontdimen 14\font =4.0947pt\relax \fontdimen 15\font
(fontspec)             =3.25996pt\relax \fontdimen 16\font =2.7862pt\relax
(fontspec)             \fontdimen 17\font =2.7862pt\relax \fontdimen 18\font
(fontspec)             =2.82004pt\relax \fontdimen 19\font =2.25603pt\relax
(fontspec)             \fontdimen 22\font =2.82004pt\relax \fontdimen 20\font
(fontspec)             =0pt\relax \fontdimen 21\font =0pt\relax }].
(fontspec)              
(fontspec)              This font family consists of the following NFSS
(fontspec)             series/shapes:
(fontspec)              
(fontspec)             - 'normal' (m/n) with NFSS spec.:
(fontspec)             <9.3075->s*[1.030261925669668]"[latinmodern-math.otf]/OT
:script=math;language=dflt;"<6.57-9.3075>s*[1.030261925669668]"[latinmodern-mat
h.otf]/OT:script=math;language=dflt;+ssty=0;"<-6.57>s*[1.030261925669668]"[lati
nmodern-math.otf]/OT:script=math;language=dflt;+ssty=1;"
(fontspec)             - 'bold' (b/n) with NFSS spec.:
(fontspec)             <->s*[1.030261925669668]"[latinmodern-math.otf]/OT:scrip
t=math;language=dflt;"

LaTeX Font Info:    Encoding `OMS' has changed to `TU' for symbol font
(Font)              `symbols' in the math version `normal' on input line 90.
LaTeX Font Info:    Overwriting symbol font `symbols' in version `normal'
(Font)                  OMS/lmsy/m/n --> TU/latinmodern-math.otf(2)/m/n on inpu
t line 90.
LaTeX Font Info:    Encoding `OMS' has changed to `TU' for symbol font
(Font)              `symbols' in the math version `bold' on input line 90.
LaTeX Font Info:    Overwriting symbol font `symbols' in version `bold'
(Font)                  OMS/lmsy/b/n --> TU/latinmodern-math.otf(2)/b/n on inpu
t line 90.

Package fontspec Info: 
(fontspec)             latinmodern-math scale = 1.03015890977869.


Package fontspec Info: 
(fontspec)             latinmodern-math scale = 1.030055893887712.


Package fontspec Info: 
(fontspec)             latinmodern-math scale = 1.03015890977869.


Package fontspec Info: 
(fontspec)             latinmodern-math scale = 1.030055893887712.


Package fontspec Info: 
(fontspec)             latinmodern-math scale = 1.03015890977869.


Package fontspec Info: 
(fontspec)             latinmodern-math scale = 1.030055893887712.


Package fontspec Info: 
(fontspec)             latinmodern-math scale = 1.03015890977869.


Package fontspec Info: 
(fontspec)             latinmodern-math scale = 1.030055893887712.


Package fontspec Info: 
(fontspec)             latinmodern-math scale = 1.03015890977869.


Package fontspec Info: 
(fontspec)             latinmodern-math scale = 1.030055893887712.


Package fontspec Info: 
(fontspec)             Font family 'latinmodern-math.otf(3)' created for font
(fontspec)             'latinmodern-math.otf' with options
(fontspec)             [Scale=MatchLowercase,BoldItalicFont={},ItalicFont={},Sm
allCapsFont={},Script=Math,SizeFeatures={{Size=9.3075-},{Size=6.57-9.3075,Font=
latinmodern-math.otf,Style=MathScript},{Size=-6.57,Font=latinmodern-math.otf,St
yle=MathScriptScript}},BoldFont={latinmodern-math.otf},ScaleAgain=0.9999,FontAd
justment={\fontdimen
(fontspec)             8\font =0.4512pt\relax \fontdimen 9\font
(fontspec)             =2.25603pt\relax \fontdimen 10\font =1.88379pt\relax
(fontspec)             \fontdimen 11\font =1.25209pt\relax \fontdimen 12\font
(fontspec)             =6.7681pt\relax \fontdimen 13\font =0pt\relax }].
(fontspec)              
(fontspec)              This font family consists of the following NFSS
(fontspec)             series/shapes:
(fontspec)              
(fontspec)             - 'normal' (m/n) with NFSS spec.:
(fontspec)             <9.3075->s*[1.030055893887712]"[latinmodern-math.otf]/OT
:script=math;language=dflt;"<6.57-9.3075>s*[1.030055893887712]"[latinmodern-mat
h.otf]/OT:script=math;language=dflt;+ssty=0;"<-6.57>s*[1.030055893887712]"[lati
nmodern-math.otf]/OT:script=math;language=dflt;+ssty=1;"
(fontspec)             - 'bold' (b/n) with NFSS spec.:
(fontspec)             <->s*[1.030055893887712]"[latinmodern-math.otf]/OT:scrip
t=math;language=dflt;"

LaTeX Font Info:    Encoding `OMX' has changed to `TU' for symbol font
(Font)              `largesymbols' in the math version `normal' on input line 9
0.
LaTeX Font Info:    Overwriting symbol font `largesymbols' in version `normal'
(Font)                  OMX/lmex/m/n --> TU/latinmodern-math.otf(3)/m/n on inpu
t line 90.
LaTeX Font Info:    Encoding `OMX' has changed to `TU' for symbol font
(Font)              `largesymbols' in the math version `bold' on input line 90.

LaTeX Font Info:    Overwriting symbol font `largesymbols' in version `bold'
(Font)                  OMX/lmex/m/n --> TU/latinmodern-math.otf(3)/b/n on inpu
t line 90.
LaTeX Info: Redefining \microtypecontext on input line 90.
Package microtype Info: Applying patch `item' on input line 90.
Package microtype Info: Applying patch `toc' on input line 90.
Package microtype Info: Applying patch `eqnum' on input line 90.
Package microtype Info: Applying patch `footnote' on input line 90.
Package microtype Info: Applying patch `verbatim' on input line 90.
LaTeX Info: Redefining \microtypesetup on input line 90.
Package microtype Info: Character protrusion enabled (level 2).
Package microtype Info: Using protrusion set `basicmath'.
Package microtype Info: No adjustment of tracking.
Package microtype Info: No adjustment of spacing.
Package microtype Info: No adjustment of kerning.
Package microtype Info: Loading generic protrusion settings for font family
(microtype)             `lmss' (encoding: TU).
(microtype)             For optimal results, create family-specific settings.
(microtype)             See the microtype manual for details.

(/Users/4d/Documents/GitHub/template/projects/act_inf_metaanalysis/output/slide
s/05_appendix_tooling_slides.nav)
\openout4 = `05_appendix_tooling_slides.vrb'.


(/Users/4d/Documents/GitHub/template/projects/act_inf_metaanalysis/output/slide
s/05_appendix_tooling_slides.vrb
! Undefined control sequence.
l.13 al.~\citep
               {knight2022fep}, whose systematic literature analysis of FEP
The control sequence at the end of the top line
of your error message was never \def'ed. If you have
misspelled it (e.g., `\hobx'), type `I' and the correct
spelling (e.g., `I\hbox'). Otherwise just continue,
and I'll forget about whatever was undefined.

! Undefined control sequence.
l.20 \citep
           {ollama2024}. Each paper's abstract is assessed against the eight
The control sequence at the end of the top line
of your error message was never \def'ed. If you have
misspelled it (e.g., `\hobx'), type `I' and the correct
spelling (e.g., `I\hbox'). Otherwise just continue,
and I'll forget about whatever was undefined.

LaTeX Font Info:    Font shape `TU/lmss/m/it' in size <10.95> not available
(Font)              Font shape `TU/lmss/m/sl' tried instead on input line 23.

LaTeX Warning: Hyper reference `sec:extraction_pipeline' on page 1 undefined on
 input line 29.

! Undefined control sequence.
l.47 \textbf{pymdp.} The pymdp library \citep
                                             {heins2022pymdp} provides a
The control sequence at the end of the top line
of your error message was never \def'ed. If you have
misspelled it (e.g., `\hobx'), type `I' and the correct
spelling (e.g., `I\hbox'). Otherwise just continue,
and I'll forget about whatever was undefined.

! Undefined control sequence.
l.63 4.0.0 (early 2025) \citep
                              {rxinfer2025} introduced projected constraints
The control sequence at the end of the top line
of your error message was never \def'ed. If you have
misspelled it (e.g., `\hobx'), type `I' and the correct
spelling (e.g., `I\hbox'). Otherwise just continue,
and I'll forget about whatever was undefined.

! Undefined control sequence.
l.76 \citep
           {ActiveInferencejl}. It explicitly targets computational
The control sequence at the end of the top line
of your error message was never \def'ed. If you have
misspelled it (e.g., `\hobx'), type `I' and the correct
spelling (e.g., `I\hbox'). Otherwise just continue,
and I'll forget about whatever was undefined.

LaTeX Font Info:    Font shape `TU/latinmodern-math.otf(1)/m/n' will be
(Font)              scaled to size 7.8961pt on input line 81.
LaTeX Font Info:    Font shape `TU/latinmodern-math.otf(1)/m/n' will be
(Font)              scaled to size 5.64008pt on input line 81.
LaTeX Font Info:    Trying to load font information for OML+lmm on input line 8
1.
(/usr/local/texlive/2026/texmf-dist/tex/latex/lm/omllmm.fd
File: omllmm.fd 2015/05/01 v1.6.1 Font defs for Latin Modern
)
LaTeX Font Info:    Font shape `TU/latinmodern-math.otf(2)/m/n' will be
(Font)              scaled to size 11.28131pt on input line 81.
LaTeX Font Info:    Font shape `TU/latinmodern-math.otf(2)/m/n' will be
(Font)              scaled to size 7.89691pt on input line 81.
LaTeX Font Info:    Font shape `TU/latinmodern-math.otf(2)/m/n' will be
(Font)              scaled to size 5.64066pt on input line 81.
LaTeX Font Info:    Font shape `TU/latinmodern-math.otf(3)/m/n' will be
(Font)              scaled to size 11.27914pt on input line 81.
LaTeX Font Info:    Font shape `TU/latinmodern-math.otf(3)/m/n' will be
(Font)              scaled to size 7.8954pt on input line 81.
LaTeX Font Info:    Font shape `TU/latinmodern-math.otf(3)/m/n' will be
(Font)              scaled to size 5.63957pt on input line 81.
LaTeX Font Info:    Trying to load font information for U+msa on input line 81.


(/usr/local/texlive/2026/texmf-dist/tex/latex/amsfonts/umsa.fd
File: umsa.fd 2013/01/14 v3.01 AMS symbols A
)
(/usr/local/texlive/2026/texmf-dist/tex/latex/microtype/mt-msa.cfg
File: mt-msa.cfg 2006/02/04 v1.1 microtype config. file: AMS symbols (a) (RS)
)
LaTeX Font Info:    Trying to load font information for U+msb on input line 81.


(/usr/local/texlive/2026/texmf-dist/tex/latex/amsfonts/umsb.fd
File: umsb.fd 2013/01/14 v3.01 AMS symbols B
)
(/usr/local/texlive/2026/texmf-dist/tex/latex/microtype/mt-msb.cfg
File: mt-msb.cfg 2005/06/01 v1.0 microtype config. file: AMS symbols (b) (RS)
)
(/usr/local/texlive/2026/texmf-dist/tex/latex/microtype/mt-LatinModernRoman.cfg
File: mt-LatinModernRoman.cfg 2026/02/26 v1.2 microtype config. file: Latin Mod
ern Roman (RS)
)
! Undefined control sequence.
l.88 \citep
           {gregoretti2023cppaif} implements active inference for discrete
The control sequence at the end of the top line
of your error message was never \def'ed. If you have
misspelled it (e.g., `\hobx'), type `I' and the correct
spelling (e.g., `I\hbox'). Otherwise just continue,
and I'll forget about whatever was undefined.

! Undefined control sequence.
l.96 ...} Free Energy Projective Simulation \citep
                                                  {pazem2024feps}
The control sequence at the end of the top line
of your error message was never \def'ed. If you have
misspelled it (e.g., `\hobx'), type `I' and the correct
spelling (e.g., `I\hbox'). Otherwise just continue,
and I'll forget about whatever was undefined.

! Undefined control sequence.
l.113 al.~\citep
                {fountas2020deep} introduced Monte-Carlo tree search over
The control sequence at the end of the top line
of your error message was never \def'ed. If you have
misspelled it (e.g., `\hobx'), type `I' and the correct
spelling (e.g., `I\hbox'). Otherwise just continue,
and I'll forget about whatever was undefined.

! Undefined control sequence.
l.116 backpropagation-based world models \citep
                                               {millidge2020deep}. Champion's
The control sequence at the end of the top line
of your error message was never \def'ed. If you have
misspelled it (e.g., `\hobx'), type `I' and the correct
spelling (e.g., `I\hbox'). Otherwise just continue,
and I'll forget about whatever was undefined.

! Undefined control sequence.
l.120 ...ronments with multi-step lookahead \citep
                                                  {champion2021realizing}.
The control sequence at the end of the top line
of your error message was never \def'ed. If you have
misspelled it (e.g., `\hobx'), type `I' and the correct
spelling (e.g., `I\hbox'). Otherwise just continue,
and I'll forget about whatever was undefined.

! Undefined control sequence.
l.121 Most recently, AXIOM \citep
                                 {heins2025axiom} achieves competitive
The control sequence at the end of the top line
of your error message was never \def'ed. If you have
misspelled it (e.g., `\hobx'), type `I' and the correct
spelling (e.g., `I\hbox'). Otherwise just continue,
and I'll forget about whatever was undefined.

! Undefined control sequence.
l.152 \citep
            {millidge2022predictive}, providing a biologically plausible
The control sequence at the end of the top line
of your error message was never \def'ed. If you have
misspelled it (e.g., `\hobx'), type `I' and the correct
spelling (e.g., `I\hbox'). Otherwise just continue,
and I'll forget about whatever was undefined.

! Undefined control sequence.
l.162 ...ogress on two fronts. First, AXIOM \citep
                                                  {heins2025axiom}
The control sequence at the end of the top line
of your error message was never \def'ed. If you have
misspelled it (e.g., `\hobx'), type `I' and the correct
spelling (e.g., `I\hbox'). Otherwise just continue,
and I'll forget about whatever was undefined.

! Undefined control sequence.
l.168 \citep
            {champion2021realizing} connect EFE decomposition---into risk,
The control sequence at the end of the top line
of your error message was never \def'ed. If you have
misspelled it (e.g., `\hobx'), type `I' and the correct
spelling (e.g., `I\hbox'). Otherwise just continue,
and I'll forget about whatever was undefined.

! Undefined control sequence.
l.172 Separately, Friston et al.~\citep
                                       {friston2025active} introduce structure
The control sequence at the end of the top line
of your error message was never \def'ed. If you have
misspelled it (e.g., `\hobx'), type `I' and the correct
spelling (e.g., `I\hbox'). Otherwise just continue,
and I'll forget about whatever was undefined.


! LaTeX Error: Environment longtable undefined.

See the LaTeX manual or LaTeX Companion for explanation.
Type  H <return>  for immediate help.
 ...                                              
                                                  
l.189 \begin{longtable}
                       {p{3.2cm} p{1.6cm} p{4.4cm} p{2.5cm}}
Your command was ignored.
Type  I <command> <return>  to replace it with another command,
or  <return>  to continue without it.

! Misplaced \noalign.
\hline ->\noalign 
                  {\ifnum 0=`}\fi \hrule \@height \arrayrulewidth \futurelet...
l.190 \hline
            
I expect to see \noalign only after the \cr of
an alignment. Proceed, and I'll ignore this case.

! Misplaced alignment tab character &.
l.191 \textbf{Tool / Repository} &
                                   \textbf{Lang.} & \textbf{Description} & \...
I can't figure out why you would want to use a tab mark
here. If you just want an ampersand, the remedy is
simple: Just type `I\&' now. But if some right brace
up above has ended a previous alignment prematurely,
you're probably due for more error messages, and you
might try typing `S' now just to see what is salvageable.

! Misplaced alignment tab character &.
l.191 ...tbf{Tool / Repository} & \textbf{Lang.} &
                                                   \textbf{Description} & \t...
I can't figure out why you would want to use a tab mark
here. If you just want an ampersand, the remedy is
simple: Just type `I\&' now. But if some right brace
up above has ended a previous alignment prematurely,
you're probably due for more error messages, and you
might try typing `S' now just to see what is salvageable.

! Misplaced alignment tab character &.
l.191 ...& \textbf{Lang.} & \textbf{Description} &
                                                   \textbf{Paper / Source} \\
I can't figure out why you would want to use a tab mark
here. If you just want an ampersand, the remedy is
simple: Just type `I\&' now. But if some right brace
up above has ended a previous alignment prematurely,
you're probably due for more error messages, and you
might try typing `S' now just to see what is salvageable.

! Misplaced \noalign.
\hline ->\noalign 
                  {\ifnum 0=`}\fi \hrule \@height \arrayrulewidth \futurelet...
l.192 \hline
            
I expect to see \noalign only after the \cr of
an alignment. Proceed, and I'll ignore this case.

! Undefined control sequence.
<recently read> \endfirsthead 
                              
l.193 \endfirsthead
                   
The control sequence at the end of the top line
of your error message was never \def'ed. If you have
misspelled it (e.g., `\hobx'), type `I' and the correct
spelling (e.g., `I\hbox'). Otherwise just continue,
and I'll forget about whatever was undefined.

! Misplaced \noalign.
\hline ->\noalign 
                  {\ifnum 0=`}\fi \hrule \@height \arrayrulewidth \futurelet...
l.194 \hline
            
I expect to see \noalign only after the \cr of
an alignment. Proceed, and I'll ignore this case.

! Misplaced alignment tab character &.
l.195 \textbf{Tool / Repository} &
                                   \textbf{Lang.} & \textbf{Description} & \...
I can't figure out why you would want to use a tab mark
here. If you just want an ampersand, the remedy is
simple: Just type `I\&' now. But if some right brace
up above has ended a previous alignment prematurely,
you're probably due for more error messages, and you
might try typing `S' now just to see what is salvageable.

! Misplaced alignment tab character &.
l.195 ...tbf{Tool / Repository} & \textbf{Lang.} &
                                                   \textbf{Description} & \t...
I can't figure out why you would want to use a tab mark
here. If you just want an ampersand, the remedy is
simple: Just type `I\&' now. But if some right brace
up above has ended a previous alignment prematurely,
you're probably due for more error messages, and you
might try typing `S' now just to see what is salvageable.

! Misplaced alignment tab character &.
l.195 ...& \textbf{Lang.} & \textbf{Description} &
                                                   \textbf{Paper / Source} \\
I can't figure out why you would want to use a tab mark
here. If you just want an ampersand, the remedy is
simple: Just type `I\&' now. But if some right brace
up above has ended a previous alignment prematurely,
you're probably due for more error messages, and you
might try typing `S' now just to see what is salvageable.

! Misplaced \noalign.
\hline ->\noalign 
                  {\ifnum 0=`}\fi \hrule \@height \arrayrulewidth \futurelet...
l.196 \hline
            
I expect to see \noalign only after the \cr of
an alignment. Proceed, and I'll ignore this case.

! Undefined control sequence.
<recently read> \endhead 
                         
l.197 \endhead
              
The control sequence at the end of the top line
of your error message was never \def'ed. If you have
misspelled it (e.g., `\hobx'), type `I' and the correct
spelling (e.g., `I\hbox'). Otherwise just continue,
and I'll forget about whatever was undefined.

! Misplaced \omit.
\multispan ->\omit 
                   \@multispan 
l.198 ...}{c}{\textit{General-Purpose Frameworks}}
                                                   \\
I expect to see \omit only after tab marks or the \cr of
an alignment. Proceed, and I'll ignore this case.

! Misplaced \span.
\sp@n ->\span 
              \omit \advance \@multicnt \m@ne 
l.198 ...}{c}{\textit{General-Purpose Frameworks}}
                                                   \\
I can't figure out why you would want to use a tab mark
or \cr or \span just now. If something like a right brace
up above has ended a previous alignment prematurely,
you're probably due for more error messages, and you
might try typing `S' now just to see what is salvageable.

! Misplaced \omit.
\sp@n ->\span \omit 
                    \advance \@multicnt \m@ne 
l.198 ...}{c}{\textit{General-Purpose Frameworks}}
                                                   \\
I expect to see \omit only after tab marks or the \cr of
an alignment. Proceed, and I'll ignore this case.

! Misplaced \span.
\sp@n ->\span 
              \omit \advance \@multicnt \m@ne 
l.198 ...}{c}{\textit{General-Purpose Frameworks}}
                                                   \\
I can't figure out why you would want to use a tab mark
or \cr or \span just now. If something like a right brace
up above has ended a previous alignment prematurely,
you're probably due for more error messages, and you
might try typing `S' now just to see what is salvageable.

! Misplaced \omit.
\sp@n ->\span \omit 
                    \advance \@multicnt \m@ne 
l.198 ...}{c}{\textit{General-Purpose Frameworks}}
                                                   \\
I expect to see \omit only after tab marks or the \cr of
an alignment. Proceed, and I'll ignore this case.

! Misplaced \span.
\sp@n ->\span 
              \omit \advance \@multicnt \m@ne 
l.198 ...}{c}{\textit{General-Purpose Frameworks}}
                                                   \\
I can't figure out why you would want to use a tab mark
or \cr or \span just now. If something like a right brace
up above has ended a previous alignment prematurely,
you're probably due for more error messages, and you
might try typing `S' now just to see what is salvageable.

! Misplaced \omit.
\sp@n ->\span \omit 
                    \advance \@multicnt \m@ne 
l.198 ...}{c}{\textit{General-Purpose Frameworks}}
                                                   \\
I expect to see \omit only after tab marks or the \cr of
an alignment. Proceed, and I'll ignore this case.

! Undefined control sequence.
<argument> ...nextchar \ifcase \@chclass \@classz 
                                                  \or \@classi \or \@classii...
l.198 ...}{c}{\textit{General-Purpose Frameworks}}
                                                   \\
The control sequence at the end of the top line
of your error message was never \def'ed. If you have
misspelled it (e.g., `\hobx'), type `I' and the correct
spelling (e.g., `I\hbox'). Otherwise just continue,
and I'll forget about whatever was undefined.

! Undefined control sequence.
\@mkpream ...hclass }\ifcase \@lastchclass \@acol 
                                                  \or \or \@preamerr \@ne \o...
l.198 ...}{c}{\textit{General-Purpose Frameworks}}
                                                   \\
The control sequence at the end of the top line
of your error message was never \def'ed. If you have
misspelled it (e.g., `\hobx'), type `I' and the correct
spelling (e.g., `I\hbox'). Otherwise just continue,
and I'll forget about whatever was undefined.

! Misplaced \noalign.
\hline ->\noalign 
                  {\ifnum 0=`}\fi \hrule \@height \arrayrulewidth \futurelet...
l.199 \hline
            
I expect to see \noalign only after the \cr of
an alignment. Proceed, and I'll ignore this case.

! Misplaced alignment tab character &.
l.200 pymdp &
              Python & Discrete POMDP active inference; factor graphs, hiera...
I can't figure out why you would want to use a tab mark
here. If you just want an ampersand, the remedy is
simple: Just type `I\&' now. But if some right brace
up above has ended a previous alignment prematurely,
you're probably due for more error messages, and you
might try typing `S' now just to see what is salvageable.

! Misplaced alignment tab character &.
l.200 pymdp & Python &
                       Discrete POMDP active inference; factor graphs, hiera...
I can't figure out why you would want to use a tab mark
here. If you just want an ampersand, the remedy is
simple: Just type `I\&' now. But if some right brace
up above has ended a previous alignment prematurely,
you're probably due for more error messages, and you
might try typing `S' now just to see what is salvageable.

! Misplaced alignment tab character &.
l.200 ...nce; factor graphs, hierarchical models &
                                                   \cite{heins2022pymdp} \\
I can't figure out why you would want to use a tab mark
here. If you just want an ampersand, the remedy is
simple: Just type `I\&' now. But if some right brace
up above has ended a previous alignment prematurely,
you're probably due for more error messages, and you
might try typing `S' now just to see what is salvageable.


LaTeX Warning: Citation `heins2022pymdp' on page 1 undefined on input line 200.


! Misplaced alignment tab character &.
l.201 SPM &
            MATLAB & DCM, variational Bayes; neuroimaging reference implemen...
I can't figure out why you would want to use a tab mark
here. If you just want an ampersand, the remedy is
simple: Just type `I\&' now. But if some right brace
up above has ended a previous alignment prematurely,
you're probably due for more error messages, and you
might try typing `S' now just to see what is salvageable.

! Misplaced alignment tab character &.
l.201 SPM & MATLAB &
                     DCM, variational Bayes; neuroimaging reference implemen...
I can't figure out why you would want to use a tab mark
here. If you just want an ampersand, the remedy is
simple: Just type `I\&' now. But if some right brace
up above has ended a previous alignment prematurely,
you're probably due for more error messages, and you
might try typing `S' now just to see what is salvageable.

! Misplaced alignment tab character &.
l.201 ...; neuroimaging reference implementation &
                                                   \cite{friston2017active} \\
I can't figure out why you would want to use a tab mark
here. If you just want an ampersand, the remedy is
simple: Just type `I\&' now. But if some right brace
up above has ended a previous alignment prematurely,
you're probably due for more error messages, and you
might try typing `S' now just to see what is salvageable.


LaTeX Warning: Citation `friston2017active' on page 1 undefined on input line 2
01.

! Misplaced alignment tab character &.
l.202 RxInfer.jl &
                   Julia & Reactive message passing; real-time streaming Bay...
I can't figure out why you would want to use a tab mark
here. If you just want an ampersand, the remedy is
simple: Just type `I\&' now. But if some right brace
up above has ended a previous alignment prematurely,
you're probably due for more error messages, and you
might try typing `S' now just to see what is salvageable.

! Misplaced alignment tab character &.
l.202 RxInfer.jl & Julia &
                           Reactive message passing; real-time streaming Bay...
I can't figure out why you would want to use a tab mark
here. If you just want an ampersand, the remedy is
simple: Just type `I\&' now. But if some right brace
up above has ended a previous alignment prematurely,
you're probably due for more error messages, and you
might try typing `S' now just to see what is salvageable.

! Misplaced alignment tab character &.
l.202 ... real-time streaming Bayesian inference &
                                                   \cite{rxinfer2025} \\
I can't figure out why you would want to use a tab mark
here. If you just want an ampersand, the remedy is
simple: Just type `I\&' now. But if some right brace
up above has ended a previous alignment prematurely,
you're probably due for more error messages, and you
might try typing `S' now just to see what is salvageable.


LaTeX Warning: Citation `rxinfer2025' on page 1 undefined on input line 202.

! Misplaced alignment tab character &.
l.203 ActiveInference.jl &
                           Julia & Discrete POMDP AIF; parameter recovery fo...
I can't figure out why you would want to use a tab mark
here. If you just want an ampersand, the remedy is
simple: Just type `I\&' now. But if some right brace
up above has ended a previous alignment prematurely,
you're probably due for more error messages, and you
might try typing `S' now just to see what is salvageable.

! Misplaced alignment tab character &.
l.203 ActiveInference.jl & Julia &
                                   Discrete POMDP AIF; parameter recovery fo...
I can't figure out why you would want to use a tab mark
here. If you just want an ampersand, the remedy is
simple: Just type `I\&' now. But if some right brace
up above has ended a previous alignment prematurely,
you're probably due for more error messages, and you
might try typing `S' now just to see what is salvageable.

! Misplaced alignment tab character &.
l.203 ...r recovery for computational psychiatry &
                                                   \cite{ActiveInferencejl} \\
I can't figure out why you would want to use a tab mark
here. If you just want an ampersand, the remedy is
simple: Just type `I\&' now. But if some right brace
up above has ended a previous alignment prematurely,
you're probably due for more error messages, and you
might try typing `S' now just to see what is salvageable.


LaTeX Warning: Citation `ActiveInferencejl' on page 1 undefined on input line 2
03.

! Misplaced alignment tab character &.
l.204 Cpp-AIF &
                C++ & Header-only POMDP AIF library with multicore paralleli...
I can't figure out why you would want to use a tab mark
here. If you just want an ampersand, the remedy is
simple: Just type `I\&' now. But if some right brace
up above has ended a previous alignment prematurely,
you're probably due for more error messages, and you
might try typing `S' now just to see what is salvageable.

! Misplaced alignment tab character &.
l.204 Cpp-AIF & C++ &
                      Header-only POMDP AIF library with multicore paralleli...
I can't figure out why you would want to use a tab mark
here. If you just want an ampersand, the remedy is
simple: Just type `I\&' now. But if some right brace
up above has ended a previous alignment prematurely,
you're probably due for more error messages, and you
might try typing `S' now just to see what is salvageable.

! Misplaced alignment tab character &.
l.204 ... library with multicore parallelization &
                                                   \cite{gregoretti2023cppai...
I can't figure out why you would want to use a tab mark
here. If you just want an ampersand, the remedy is
simple: Just type `I\&' now. But if some right brace
up above has ended a previous alignment prematurely,
you're probably due for more error messages, and you
might try typing `S' now just to see what is salvageable.


LaTeX Warning: Citation `gregoretti2023cppaif' on page 1 undefined on input lin
e 204.

! Misplaced alignment tab character &.
l.205 FEPS &
             Python & EFE on interpretable policy graphs; projective simulat...
I can't figure out why you would want to use a tab mark
here. If you just want an ampersand, the remedy is
simple: Just type `I\&' now. But if some right brace
up above has ended a previous alignment prematurely,
you're probably due for more error messages, and you
might try typing `S' now just to see what is salvageable.

! Misplaced alignment tab character &.
l.205 FEPS & Python &
                      EFE on interpretable policy graphs; projective simulat...
I can't figure out why you would want to use a tab mark
here. If you just want an ampersand, the remedy is
simple: Just type `I\&' now. But if some right brace
up above has ended a previous alignment prematurely,
you're probably due for more error messages, and you
might try typing `S' now just to see what is salvageable.

! Misplaced alignment tab character &.
l.205 ...le policy graphs; projective simulation &
                                                   \cite{pazem2024feps} \\
I can't figure out why you would want to use a tab mark
here. If you just want an ampersand, the remedy is
simple: Just type `I\&' now. But if some right brace
up above has ended a previous alignment prematurely,
you're probably due for more error messages, and you
might try typing `S' now just to see what is salvageable.


LaTeX Warning: Citation `pazem2024feps' on page 1 undefined on input line 205.

! Misplaced alignment tab character &.
l.206 ActivPynference &
                        Python & Discrete AIF with factor-graph message pass...
I can't figure out why you would want to use a tab mark
here. If you just want an ampersand, the remedy is
simple: Just type `I\&' now. But if some right brace
up above has ended a previous alignment prematurely,
you're probably due for more error messages, and you
might try typing `S' now just to see what is salvageable.

! Misplaced alignment tab character &.
l.206 ActivPynference & Python &
                                 Discrete AIF with factor-graph message pass...
I can't figure out why you would want to use a tab mark
here. If you just want an ampersand, the remedy is
simple: Just type `I\&' now. But if some right brace
up above has ended a previous alignment prematurely,
you're probably due for more error messages, and you
might try typing `S' now just to see what is salvageable.

! Misplaced alignment tab character &.
l.206 ...raph message passing; educational focus &
                                                   — \\
I can't figure out why you would want to use a tab mark
here. If you just want an ampersand, the remedy is
simple: Just type `I\&' now. But if some right brace
up above has ended a previous alignment prematurely,
you're probably due for more error messages, and you
might try typing `S' now just to see what is salvageable.

! Misplaced alignment tab character &.
l.207 pypc &
             Python & Predictive coding inference engine for continuous mode...
I can't figure out why you would want to use a tab mark
here. If you just want an ampersand, the remedy is
simple: Just type `I\&' now. But if some right brace
up above has ended a previous alignment prematurely,
you're probably due for more error messages, and you
might try typing `S' now just to see what is salvageable.

! Misplaced alignment tab character &.
l.207 pypc & Python &
                      Predictive coding inference engine for continuous mode...
I can't figure out why you would want to use a tab mark
here. If you just want an ampersand, the remedy is
simple: Just type `I\&' now. But if some right brace
up above has ended a previous alignment prematurely,
you're probably due for more error messages, and you
might try typing `S' now just to see what is salvageable.

! Misplaced alignment tab character &.
l.207 ... inference engine for continuous models &
                                                   — \\
I can't figure out why you would want to use a tab mark
here. If you just want an ampersand, the remedy is
simple: Just type `I\&' now. But if some right brace
up above has ended a previous alignment prematurely,
you're probably due for more error messages, and you
might try typing `S' now just to see what is salvageable.

! Misplaced alignment tab character &.
l.208 ActiveInferAnts &
                        Rust & Rust-native AIF framework with WASM compilati...
I can't figure out why you would want to use a tab mark
here. If you just want an ampersand, the remedy is
simple: Just type `I\&' now. But if some right brace
up above has ended a previous alignment prematurely,
you're probably due for more error messages, and you
might try typing `S' now just to see what is salvageable.

! Misplaced alignment tab character &.
l.208 ActiveInferAnts & Rust &
                               Rust-native AIF framework with WASM compilati...
I can't figure out why you would want to use a tab mark
here. If you just want an ampersand, the remedy is
simple: Just type `I\&' now. But if some right brace
up above has ended a previous alignment prematurely,
you're probably due for more error messages, and you
might try typing `S' now just to see what is salvageable.

! Misplaced alignment tab character &.
l.208 ... framework with WASM compilation target &
                                                   — \\
I can't figure out why you would want to use a tab mark
here. If you just want an ampersand, the remedy is
simple: Just type `I\&' now. But if some right brace
up above has ended a previous alignment prematurely,
you're probably due for more error messages, and you
might try typing `S' now just to see what is salvageable.

! Misplaced \noalign.
\hline ->\noalign 
                  {\ifnum 0=`}\fi \hrule \@height \arrayrulewidth \futurelet...
l.209 \hline
            
I expect to see \noalign only after the \cr of
an alignment. Proceed, and I'll ignore this case.

! Misplaced \omit.
\multispan ->\omit 
                   \@multispan 
l.210 ...umn{4}{c}{\textit{Deep Active Inference}}
                                                   \\
I expect to see \omit only after tab marks or the \cr of
an alignment. Proceed, and I'll ignore this case.

! Misplaced \span.
\sp@n ->\span 
              \omit \advance \@multicnt \m@ne 
l.210 ...umn{4}{c}{\textit{Deep Active Inference}}
                                                   \\
I can't figure out why you would want to use a tab mark
or \cr or \span just now. If something like a right brace
up above has ended a previous alignment prematurely,
you're probably due for more error messages, and you
might try typing `S' now just to see what is salvageable.

! Misplaced \omit.
\sp@n ->\span \omit 
                    \advance \@multicnt \m@ne 
l.210 ...umn{4}{c}{\textit{Deep Active Inference}}
                                                   \\
I expect to see \omit only after tab marks or the \cr of
an alignment. Proceed, and I'll ignore this case.

! Misplaced \span.
\sp@n ->\span 
              \omit \advance \@multicnt \m@ne 
l.210 ...umn{4}{c}{\textit{Deep Active Inference}}
                                                   \\
I can't figure out why you would want to use a tab mark
or \cr or \span just now. If something like a right brace
up above has ended a previous alignment prematurely,
you're probably due for more error messages, and you
might try typing `S' now just to see what is salvageable.

! Misplaced \omit.
\sp@n ->\span \omit 
                    \advance \@multicnt \m@ne 
l.210 ...umn{4}{c}{\textit{Deep Active Inference}}
                                                   \\
I expect to see \omit only after tab marks or the \cr of
an alignment. Proceed, and I'll ignore this case.

! Misplaced \span.
\sp@n ->\span 
              \omit \advance \@multicnt \m@ne 
l.210 ...umn{4}{c}{\textit{Deep Active Inference}}
                                                   \\
I can't figure out why you would want to use a tab mark
or \cr or \span just now. If something like a right brace
up above has ended a previous alignment prematurely,
you're probably due for more error messages, and you
might try typing `S' now just to see what is salvageable.

! Misplaced \omit.
\sp@n ->\span \omit 
                    \advance \@multicnt \m@ne 
l.210 ...umn{4}{c}{\textit{Deep Active Inference}}
                                                   \\
I expect to see \omit only after tab marks or the \cr of
an alignment. Proceed, and I'll ignore this case.

! Undefined control sequence.
<argument> ...nextchar \ifcase \@chclass \@classz 
                                                  \or \@classi \or \@classii...
l.210 ...umn{4}{c}{\textit{Deep Active Inference}}
                                                   \\
The control sequence at the end of the top line
of your error message was never \def'ed. If you have
misspelled it (e.g., `\hobx'), type `I' and the correct
spelling (e.g., `I\hbox'). Otherwise just continue,
and I'll forget about whatever was undefined.

! Undefined control sequence.
\@mkpream ...hclass }\ifcase \@lastchclass \@acol 
                                                  \or \or \@preamerr \@ne \o...
l.210 ...umn{4}{c}{\textit{Deep Active Inference}}
                                                   \\
The control sequence at the end of the top line
of your error message was never \def'ed. If you have
misspelled it (e.g., `\hobx'), type `I' and the correct
spelling (e.g., `I\hbox'). Otherwise just continue,
and I'll forget about whatever was undefined.

! Misplaced \noalign.
\hline ->\noalign 
                  {\ifnum 0=`}\fi \hrule \@height \arrayrulewidth \futurelet...
l.211 \hline
            
I expect to see \noalign only after the \cr of
an alignment. Proceed, and I'll ignore this case.

! Misplaced alignment tab character &.
l.212 deep-active-inference-mc &
                                 Python & Monte-Carlo tree search in learned...
I can't figure out why you would want to use a tab mark
here. If you just want an ampersand, the remedy is
simple: Just type `I\&' now. But if some right brace
up above has ended a previous alignment prematurely,
you're probably due for more error messages, and you
might try typing `S' now just to see what is salvageable.

! Misplaced alignment tab character &.
l.212 deep-active-inference-mc & Python &
                                          Monte-Carlo tree search in learned...
I can't figure out why you would want to use a tab mark
here. If you just want an ampersand, the remedy is
simple: Just type `I\&' now. But if some right brace
up above has ended a previous alignment prematurely,
you're probably due for more error messages, and you
might try typing `S' now just to see what is salvageable.

! Misplaced alignment tab character &.
l.212 ... search in learned latent spaces; Atari &
                                                   \cite{fountas2020deep} \\
I can't figure out why you would want to use a tab mark
here. If you just want an ampersand, the remedy is
simple: Just type `I\&' now. But if some right brace
up above has ended a previous alignment prematurely,
you're probably due for more error messages, and you
might try typing `S' now just to see what is salvageable.


LaTeX Warning: Citation `fountas2020deep' on page 1 undefined on input line 212
.

! Misplaced alignment tab character &.
l.213 DeepActiveInference &
                            Python & Continuous deep AIF with backprop-based...
I can't figure out why you would want to use a tab mark
here. If you just want an ampersand, the remedy is
simple: Just type `I\&' now. But if some right brace
up above has ended a previous alignment prematurely,
you're probably due for more error messages, and you
might try typing `S' now just to see what is salvageable.

! Misplaced alignment tab character &.
l.213 DeepActiveInference & Python &
                                     Continuous deep AIF with backprop-based...
I can't figure out why you would want to use a tab mark
here. If you just want an ampersand, the remedy is
simple: Just type `I\&' now. But if some right brace
up above has ended a previous alignment prematurely,
you're probably due for more error messages, and you
might try typing `S' now just to see what is salvageable.

! Misplaced alignment tab character &.
l.213 ...ep AIF with backprop-based world models &
                                                   \cite{millidge2020deep} \\
I can't figure out why you would want to use a tab mark
here. If you just want an ampersand, the remedy is
simple: Just type `I\&' now. But if some right brace
up above has ended a previous alignment prematurely,
you're probably due for more error messages, and you
might try typing `S' now just to see what is salvageable.


LaTeX Warning: Citation `millidge2020deep' on page 1 undefined on input line 21
3.

! Misplaced alignment tab character &.
l.214 BTAI\_3MF &
                  Python & Branching-time AIF with multi-step tree planning ...
I can't figure out why you would want to use a tab mark
here. If you just want an ampersand, the remedy is
simple: Just type `I\&' now. But if some right brace
up above has ended a previous alignment prematurely,
you're probably due for more error messages, and you
might try typing `S' now just to see what is salvageable.

! Misplaced alignment tab character &.
l.214 BTAI\_3MF & Python &
                           Branching-time AIF with multi-step tree planning ...
I can't figure out why you would want to use a tab mark
here. If you just want an ampersand, the remedy is
simple: Just type `I\&' now. But if some right brace
up above has ended a previous alignment prematurely,
you're probably due for more error messages, and you
might try typing `S' now just to see what is salvageable.

! Misplaced alignment tab character &.
l.214 ...-time AIF with multi-step tree planning &
                                                   \cite{champion2021realizi...
I can't figure out why you would want to use a tab mark
here. If you just want an ampersand, the remedy is
simple: Just type `I\&' now. But if some right brace
up above has ended a previous alignment prematurely,
you're probably due for more error messages, and you
might try typing `S' now just to see what is salvageable.


LaTeX Warning: Citation `champion2021realizing' on page 1 undefined on input li
ne 214.

! Misplaced alignment tab character &.
l.215 Deep\_BTAI\_3MF &
                        Python & Deep neural variant of BTAI with learned st...
I can't figure out why you would want to use a tab mark
here. If you just want an ampersand, the remedy is
simple: Just type `I\&' now. But if some right brace
up above has ended a previous alignment prematurely,
you're probably due for more error messages, and you
might try typing `S' now just to see what is salvageable.

! Misplaced alignment tab character &.
l.215 Deep\_BTAI\_3MF & Python &
                                 Deep neural variant of BTAI with learned st...
I can't figure out why you would want to use a tab mark
here. If you just want an ampersand, the remedy is
simple: Just type `I\&' now. But if some right brace
up above has ended a previous alignment prematurely,
you're probably due for more error messages, and you
might try typing `S' now just to see what is salvageable.

! Misplaced alignment tab character &.
l.215 ...riant of BTAI with learned state spaces &
                                                   \cite{champion2021realizi...
I can't figure out why you would want to use a tab mark
here. If you just want an ampersand, the remedy is
simple: Just type `I\&' now. But if some right brace
up above has ended a previous alignment prematurely,
you're probably due for more error messages, and you
might try typing `S' now just to see what is salvageable.


LaTeX Warning: Citation `champion2021realizing' on page 1 undefined on input li
ne 215.

! Misplaced alignment tab character &.
l.216 OO-BTAI\_3MF &
                     Python & Object-oriented BTAI variant for structured en...
I can't figure out why you would want to use a tab mark
here. If you just want an ampersand, the remedy is
simple: Just type `I\&' now. But if some right brace
up above has ended a previous alignment prematurely,
you're probably due for more error messages, and you
might try typing `S' now just to see what is salvageable.

! Misplaced alignment tab character &.
l.216 OO-BTAI\_3MF & Python &
                              Object-oriented BTAI variant for structured en...
I can't figure out why you would want to use a tab mark
here. If you just want an ampersand, the remedy is
simple: Just type `I\&' now. But if some right brace
up above has ended a previous alignment prematurely,
you're probably due for more error messages, and you
might try typing `S' now just to see what is salvageable.

! Misplaced alignment tab character &.
l.216 ...TAI variant for structured environments &
                                                   — \\
I can't figure out why you would want to use a tab mark
here. If you just want an ampersand, the remedy is
simple: Just type `I\&' now. But if some right brace
up above has ended a previous alignment prematurely,
you're probably due for more error messages, and you
might try typing `S' now just to see what is salvageable.

! Misplaced alignment tab character &.
l.217 AXIOM &
              Python & Object-centric world models; Gameworld 10k in minutes...
I can't figure out why you would want to use a tab mark
here. If you just want an ampersand, the remedy is
simple: Just type `I\&' now. But if some right brace
up above has ended a previous alignment prematurely,
you're probably due for more error messages, and you
might try typing `S' now just to see what is salvageable.

! Misplaced alignment tab character &.
l.217 AXIOM & Python &
                       Object-centric world models; Gameworld 10k in minutes...
I can't figure out why you would want to use a tab mark
here. If you just want an ampersand, the remedy is
simple: Just type `I\&' now. But if some right brace
up above has ended a previous alignment prematurely,
you're probably due for more error messages, and you
might try typing `S' now just to see what is salvageable.

! Misplaced alignment tab character &.
l.217 ...meworld 10k in minutes, beats DreamerV3 &
                                                   \cite{heins2025axiom} \\
I can't figure out why you would want to use a tab mark
here. If you just want an ampersand, the remedy is
simple: Just type `I\&' now. But if some right brace
up above has ended a previous alignment prematurely,
you're probably due for more error messages, and you
might try typing `S' now just to see what is salvageable.


LaTeX Warning: Citation `heins2025axiom' on page 1 undefined on input line 217.


! Misplaced alignment tab character &.
l.218 Deep-AIF-POMDPs &
                        Python & Deep AIF for partially observable MDPs & — \\
I can't figure out why you would want to use a tab mark
here. If you just want an ampersand, the remedy is
simple: Just type `I\&' now. But if some right brace
up above has ended a previous alignment prematurely,
you're probably due for more error messages, and you
might try typing `S' now just to see what is salvageable.

! Misplaced alignment tab character &.
l.218 Deep-AIF-POMDPs & Python &
                                 Deep AIF for partially observable MDPs & — \\
I can't figure out why you would want to use a tab mark
here. If you just want an ampersand, the remedy is
simple: Just type `I\&' now. But if some right brace
up above has ended a previous alignment prematurely,
you're probably due for more error messages, and you
might try typing `S' now just to see what is salvageable.

! Misplaced alignment tab character &.
l.218 ... Deep AIF for partially observable MDPs &
                                                   — \\
I can't figure out why you would want to use a tab mark
here. If you just want an ampersand, the remedy is
simple: Just type `I\&' now. But if some right brace
up above has ended a previous alignment prematurely,
you're probably due for more error messages, and you
might try typing `S' now just to see what is salvageable.

! Misplaced alignment tab character &.
l.219 Homing-Pigeon &
                      Python & Navigation agent using deep active inference ...
I can't figure out why you would want to use a tab mark
here. If you just want an ampersand, the remedy is
simple: Just type `I\&' now. But if some right brace
up above has ended a previous alignment prematurely,
you're probably due for more error messages, and you
might try typing `S' now just to see what is salvageable.

! Misplaced alignment tab character &.
l.219 Homing-Pigeon & Python &
                               Navigation agent using deep active inference ...
I can't figure out why you would want to use a tab mark
here. If you just want an ampersand, the remedy is
simple: Just type `I\&' now. But if some right brace
up above has ended a previous alignment prematurely,
you're probably due for more error messages, and you
might try typing `S' now just to see what is salvageable.

! Misplaced alignment tab character &.
l.219 ...ation agent using deep active inference &
                                                   — \\
I can't figure out why you would want to use a tab mark
here. If you just want an ampersand, the remedy is
simple: Just type `I\&' now. But if some right brace
up above has ended a previous alignment prematurely,
you're probably due for more error messages, and you
might try typing `S' now just to see what is salvageable.

! Misplaced alignment tab character &.
l.220 active-inference (Voostrum) &
                                    Python & Continuous deep AIF with learne...
I can't figure out why you would want to use a tab mark
here. If you just want an ampersand, the remedy is
simple: Just type `I\&' now. But if some right brace
up above has ended a previous alignment prematurely,
you're probably due for more error messages, and you
might try typing `S' now just to see what is salvageable.

! Misplaced alignment tab character &.
l.220 active-inference (Voostrum) & Python &
                                             Continuous deep AIF with learne...
I can't figure out why you would want to use a tab mark
here. If you just want an ampersand, the remedy is
simple: Just type `I\&' now. But if some right brace
up above has ended a previous alignment prematurely,
you're probably due for more error messages, and you
might try typing `S' now just to see what is salvageable.

! Misplaced alignment tab character &.
l.220 ...deep AIF with learned generative models &
                                                   arXiv:2406.07726 \\
I can't figure out why you would want to use a tab mark
here. If you just want an ampersand, the remedy is
simple: Just type `I\&' now. But if some right brace
up above has ended a previous alignment prematurely,
you're probably due for more error messages, and you
might try typing `S' now just to see what is salvageable.

! Misplaced \noalign.
\hline ->\noalign 
                  {\ifnum 0=`}\fi \hrule \@height \arrayrulewidth \futurelet...
l.221 \hline
            
I expect to see \noalign only after the \cr of
an alignment. Proceed, and I'll ignore this case.

! Misplaced \omit.
\multispan ->\omit 
                   \@multispan 
l.222 ...tive Coding \& Neural Generative Coding}}
                                                   \\
I expect to see \omit only after tab marks or the \cr of
an alignment. Proceed, and I'll ignore this case.

! Misplaced \span.
\sp@n ->\span 
              \omit \advance \@multicnt \m@ne 
l.222 ...tive Coding \& Neural Generative Coding}}
                                                   \\
I can't figure out why you would want to use a tab mark
or \cr or \span just now. If something like a right brace
up above has ended a previous alignment prematurely,
you're probably due for more error messages, and you
might try typing `S' now just to see what is salvageable.

! Misplaced \omit.
\sp@n ->\span \omit 
                    \advance \@multicnt \m@ne 
l.222 ...tive Coding \& Neural Generative Coding}}
                                                   \\
I expect to see \omit only after tab marks or the \cr of
an alignment. Proceed, and I'll ignore this case.

! Misplaced \span.
\sp@n ->\span 
              \omit \advance \@multicnt \m@ne 
l.222 ...tive Coding \& Neural Generative Coding}}
                                                   \\
I can't figure out why you would want to use a tab mark
or \cr or \span just now. If something like a right brace
up above has ended a previous alignment prematurely,
you're probably due for more error messages, and you
might try typing `S' now just to see what is salvageable.

! Misplaced \omit.
\sp@n ->\span \omit 
                    \advance \@multicnt \m@ne 
l.222 ...tive Coding \& Neural Generative Coding}}
                                                   \\
I expect to see \omit only after tab marks or the \cr of
an alignment. Proceed, and I'll ignore this case.

! Misplaced \span.
\sp@n ->\span 
              \omit \advance \@multicnt \m@ne 
l.222 ...tive Coding \& Neural Generative Coding}}
                                                   \\
I can't figure out why you would want to use a tab mark
or \cr or \span just now. If something like a right brace
up above has ended a previous alignment prematurely,
you're probably due for more error messages, and you
might try typing `S' now just to see what is salvageable.

! Misplaced \omit.
\sp@n ->\span \omit 
                    \advance \@multicnt \m@ne 
l.222 ...tive Coding \& Neural Generative Coding}}
                                                   \\
I expect to see \omit only after tab marks or the \cr of
an alignment. Proceed, and I'll ignore this case.

! Undefined control sequence.
<argument> ...nextchar \ifcase \@chclass \@classz 
                                                  \or \@classi \or \@classii...
l.222 ...tive Coding \& Neural Generative Coding}}
                                                   \\
The control sequence at the end of the top line
of your error message was never \def'ed. If you have
misspelled it (e.g., `\hobx'), type `I' and the correct
spelling (e.g., `I\hbox'). Otherwise just continue,
and I'll forget about whatever was undefined.

! Undefined control sequence.
\@mkpream ...hclass }\ifcase \@lastchclass \@acol 
                                                  \or \or \@preamerr \@ne \o...
l.222 ...tive Coding \& Neural Generative Coding}}
                                                   \\
The control sequence at the end of the top line
of your error message was never \def'ed. If you have
misspelled it (e.g., `\hobx'), type `I' and the correct
spelling (e.g., `I\hbox'). Otherwise just continue,
and I'll forget about whatever was undefined.

! Misplaced \noalign.
\hline ->\noalign 
                  {\ifnum 0=`}\fi \hrule \@height \arrayrulewidth \futurelet...
l.223 \hline
            
I expect to see \noalign only after the \cr of
an alignment. Proceed, and I'll ignore this case.

! Misplaced alignment tab character &.
l.224 ngc-learn &
                  Python/JAX & Neurobiological simulation; predictive coding...
I can't figure out why you would want to use a tab mark
here. If you just want an ampersand, the remedy is
simple: Just type `I\&' now. But if some right brace
up above has ended a previous alignment prematurely,
you're probably due for more error messages, and you
might try typing `S' now just to see what is salvageable.

! Misplaced alignment tab character &.
l.224 ngc-learn & Python/JAX &
                               Neurobiological simulation; predictive coding...
I can't figure out why you would want to use a tab mark
here. If you just want an ampersand, the remedy is
simple: Just type `I\&' now. But if some right brace
up above has ended a previous alignment prematurely,
you're probably due for more error messages, and you
might try typing `S' now just to see what is salvageable.

! Misplaced alignment tab character &.
l.224 ...ctive coding circuits, Hebbian learning &
                                                   — \\
I can't figure out why you would want to use a tab mark
here. If you just want an ampersand, the remedy is
simple: Just type `I\&' now. But if some right brace
up above has ended a previous alignment prematurely,
you're probably due for more error messages, and you
might try typing `S' now just to see what is salvageable.

! Misplaced alignment tab character &.
l.225 ANGC &
             Python & Backprop-free AIF agent with paired PC circuits & AAAI...
I can't figure out why you would want to use a tab mark
here. If you just want an ampersand, the remedy is
simple: Just type `I\&' now. But if some right brace
up above has ended a previous alignment prematurely,
you're probably due for more error messages, and you
might try typing `S' now just to see what is salvageable.

! Misplaced alignment tab character &.
l.225 ANGC & Python &
                      Backprop-free AIF agent with paired PC circuits & AAAI...
I can't figure out why you would want to use a tab mark
here. If you just want an ampersand, the remedy is
simple: Just type `I\&' now. But if some right brace
up above has ended a previous alignment prematurely,
you're probably due for more error messages, and you
might try typing `S' now just to see what is salvageable.

! Misplaced alignment tab character &.
l.225 ...-free AIF agent with paired PC circuits &
                                                   AAAI 2022 \\
I can't figure out why you would want to use a tab mark
here. If you just want an ampersand, the remedy is
simple: Just type `I\&' now. But if some right brace
up above has ended a previous alignment prematurely,
you're probably due for more error messages, and you
might try typing `S' now just to see what is salvageable.

! Misplaced alignment tab character &.
l.226 PredictiveCodingBackprop &
                                 Python & Predictive coding approximates bac...
I can't figure out why you would want to use a tab mark
here. If you just want an ampersand, the remedy is
simple: Just type `I\&' now. But if some right brace
up above has ended a previous alignment prematurely,
you're probably due for more error messages, and you
might try typing `S' now just to see what is salvageable.

! Misplaced alignment tab character &.
l.226 PredictiveCodingBackprop & Python &
                                          Predictive coding approximates bac...
I can't figure out why you would want to use a tab mark
here. If you just want an ampersand, the remedy is
simple: Just type `I\&' now. But if some right brace
up above has ended a previous alignment prematurely,
you're probably due for more error messages, and you
might try typing `S' now just to see what is salvageable.

! Misplaced alignment tab character &.
l.226 ...proximates backprop on arbitrary graphs &
                                                   \cite{millidge2022predict...
I can't figure out why you would want to use a tab mark
here. If you just want an ampersand, the remedy is
simple: Just type `I\&' now. But if some right brace
up above has ended a previous alignment prematurely,
you're probably due for more error messages, and you
might try typing `S' now just to see what is salvageable.


LaTeX Warning: Citation `millidge2022predictive' on page 1 undefined on input l
ine 226.

! Misplaced alignment tab character &.
l.227 Supervised-Predictive-Coding &
                                     Python & Supervised learning via hierar...
I can't figure out why you would want to use a tab mark
here. If you just want an ampersand, the remedy is
simple: Just type `I\&' now. But if some right brace
up above has ended a previous alignment prematurely,
you're probably due for more error messages, and you
might try typing `S' now just to see what is salvageable.

! Misplaced alignment tab character &.
l.227 Supervised-Predictive-Coding & Python &
                                              Supervised learning via hierar...
I can't figure out why you would want to use a tab mark
here. If you just want an ampersand, the remedy is
simple: Just type `I\&' now. But if some right brace
up above has ended a previous alignment prematurely,
you're probably due for more error messages, and you
might try typing `S' now just to see what is salvageable.

! Misplaced alignment tab character &.
l.227 ...ning via hierarchical predictive coding &
                                                   — \\
I can't figure out why you would want to use a tab mark
here. If you just want an ampersand, the remedy is
simple: Just type `I\&' now. But if some right brace
up above has ended a previous alignment prematurely,
you're probably due for more error messages, and you
might try typing `S' now just to see what is salvageable.

! Misplaced alignment tab character &.
l.228 predcoding &
                   Python & Minimal predictive coding implementation & — \\
I can't figure out why you would want to use a tab mark
here. If you just want an ampersand, the remedy is
simple: Just type `I\&' now. But if some right brace
up above has ended a previous alignment prematurely,
you're probably due for more error messages, and you
might try typing `S' now just to see what is salvageable.

! Misplaced alignment tab character &.
l.228 predcoding & Python &
                            Minimal predictive coding implementation & — \\
I can't figure out why you would want to use a tab mark
here. If you just want an ampersand, the remedy is
simple: Just type `I\&' now. But if some right brace
up above has ended a previous alignment prematurely,
you're probably due for more error messages, and you
might try typing `S' now just to see what is salvageable.

! Misplaced alignment tab character &.
l.228 ...inimal predictive coding implementation &
                                                   — \\
I can't figure out why you would want to use a tab mark
here. If you just want an ampersand, the remedy is
simple: Just type `I\&' now. But if some right brace
up above has ended a previous alignment prematurely,
you're probably due for more error messages, and you
might try typing `S' now just to see what is salvageable.

! Misplaced alignment tab character &.
l.229 pybrid &
               Python & Hybrid predictive coding and active inference librar...
I can't figure out why you would want to use a tab mark
here. If you just want an ampersand, the remedy is
simple: Just type `I\&' now. But if some right brace
up above has ended a previous alignment prematurely,
you're probably due for more error messages, and you
might try typing `S' now just to see what is salvageable.

! Misplaced alignment tab character &.
l.229 pybrid & Python &
                        Hybrid predictive coding and active inference librar...
I can't figure out why you would want to use a tab mark
here. If you just want an ampersand, the remedy is
simple: Just type `I\&' now. But if some right brace
up above has ended a previous alignment prematurely,
you're probably due for more error messages, and you
might try typing `S' now just to see what is salvageable.

! Misplaced alignment tab character &.
l.229 ...ive coding and active inference library &
                                                   — \\
I can't figure out why you would want to use a tab mark
here. If you just want an ampersand, the remedy is
simple: Just type `I\&' now. But if some right brace
up above has ended a previous alignment prematurely,
you're probably due for more error messages, and you
might try typing `S' now just to see what is salvageable.

! Misplaced alignment tab character &.
l.230 nmpassing &
                  Python & Neural message passing for PC networks & — \\
I can't figure out why you would want to use a tab mark
here. If you just want an ampersand, the remedy is
simple: Just type `I\&' now. But if some right brace
up above has ended a previous alignment prematurely,
you're probably due for more error messages, and you
might try typing `S' now just to see what is salvageable.

! Misplaced alignment tab character &.
l.230 nmpassing & Python &
                           Neural message passing for PC networks & — \\
I can't figure out why you would want to use a tab mark
here. If you just want an ampersand, the remedy is
simple: Just type `I\&' now. But if some right brace
up above has ended a previous alignment prematurely,
you're probably due for more error messages, and you
might try typing `S' now just to see what is salvageable.

! Misplaced alignment tab character &.
l.230 ... Neural message passing for PC networks &
                                                   — \\
I can't figure out why you would want to use a tab mark
here. If you just want an ampersand, the remedy is
simple: Just type `I\&' now. But if some right brace
up above has ended a previous alignment prematurely,
you're probably due for more error messages, and you
might try typing `S' now just to see what is salvageable.

! Misplaced \noalign.
\hline ->\noalign 
                  {\ifnum 0=`}\fi \hrule \@height \arrayrulewidth \futurelet...
l.231 \hline
            
I expect to see \noalign only after the \cr of
an alignment. Proceed, and I'll ignore this case.

! Misplaced \omit.
\multispan ->\omit 
                   \@multispan 
l.232 ...it{Neuroscience, Embodied \& Biological}}
                                                   \\
I expect to see \omit only after tab marks or the \cr of
an alignment. Proceed, and I'll ignore this case.

! Misplaced \span.
\sp@n ->\span 
              \omit \advance \@multicnt \m@ne 
l.232 ...it{Neuroscience, Embodied \& Biological}}
                                                   \\
I can't figure out why you would want to use a tab mark
or \cr or \span just now. If something like a right brace
up above has ended a previous alignment prematurely,
you're probably due for more error messages, and you
might try typing `S' now just to see what is salvageable.

! Misplaced \omit.
\sp@n ->\span \omit 
                    \advance \@multicnt \m@ne 
l.232 ...it{Neuroscience, Embodied \& Biological}}
                                                   \\
I expect to see \omit only after tab marks or the \cr of
an alignment. Proceed, and I'll ignore this case.

! Misplaced \span.
\sp@n ->\span 
              \omit \advance \@multicnt \m@ne 
l.232 ...it{Neuroscience, Embodied \& Biological}}
                                                   \\
I can't figure out why you would want to use a tab mark
or \cr or \span just now. If something like a right brace
up above has ended a previous alignment prematurely,
you're probably due for more error messages, and you
might try typing `S' now just to see what is salvageable.

! Misplaced \omit.
\sp@n ->\span \omit 
                    \advance \@multicnt \m@ne 
l.232 ...it{Neuroscience, Embodied \& Biological}}
                                                   \\
I expect to see \omit only after tab marks or the \cr of
an alignment. Proceed, and I'll ignore this case.

! Misplaced \span.
\sp@n ->\span 
              \omit \advance \@multicnt \m@ne 
l.232 ...it{Neuroscience, Embodied \& Biological}}
                                                   \\
I can't figure out why you would want to use a tab mark
or \cr or \span just now. If something like a right brace
up above has ended a previous alignment prematurely,
you're probably due for more error messages, and you
might try typing `S' now just to see what is salvageable.

! Misplaced \omit.
\sp@n ->\span \omit 
                    \advance \@multicnt \m@ne 
l.232 ...it{Neuroscience, Embodied \& Biological}}
                                                   \\
I expect to see \omit only after tab marks or the \cr of
an alignment. Proceed, and I'll ignore this case.

! Undefined control sequence.
<argument> ...nextchar \ifcase \@chclass \@classz 
                                                  \or \@classi \or \@classii...
l.232 ...it{Neuroscience, Embodied \& Biological}}
                                                   \\
The control sequence at the end of the top line
of your error message was never \def'ed. If you have
misspelled it (e.g., `\hobx'), type `I' and the correct
spelling (e.g., `I\hbox'). Otherwise just continue,
and I'll forget about whatever was undefined.

! Undefined control sequence.
\@mkpream ...hclass }\ifcase \@lastchclass \@acol 
                                                  \or \or \@preamerr \@ne \o...
l.232 ...it{Neuroscience, Embodied \& Biological}}
                                                   \\
The control sequence at the end of the top line
of your error message was never \def'ed. If you have
misspelled it (e.g., `\hobx'), type `I' and the correct
spelling (e.g., `I\hbox'). Otherwise just continue,
and I'll forget about whatever was undefined.

! Misplaced \noalign.
\hline ->\noalign 
                  {\ifnum 0=`}\fi \hrule \@height \arrayrulewidth \futurelet...
l.233 \hline
            
I expect to see \noalign only after the \cr of
an alignment. Proceed, and I'll ignore this case.

! Misplaced alignment tab character &.
l.234 allostasis &
                   Python & Allostatic regulation via AIF; interoceptive inf...
I can't figure out why you would want to use a tab mark
here. If you just want an ampersand, the remedy is
simple: Just type `I\&' now. But if some right brace
up above has ended a previous alignment prematurely,
you're probably due for more error messages, and you
might try typing `S' now just to see what is salvageable.

! Misplaced alignment tab character &.
l.234 allostasis & Python &
                            Allostatic regulation via AIF; interoceptive inf...
I can't figure out why you would want to use a tab mark
here. If you just want an ampersand, the remedy is
simple: Just type `I\&' now. But if some right brace
up above has ended a previous alignment prematurely,
you're probably due for more error messages, and you
might try typing `S' now just to see what is salvageable.

! Misplaced alignment tab character &.
l.234 ...lation via AIF; interoceptive inference &
                                                   bioRxiv:2021.02.16 \\
I can't figure out why you would want to use a tab mark
here. If you just want an ampersand, the remedy is
simple: Just type `I\&' now. But if some right brace
up above has ended a previous alignment prematurely,
you're probably due for more error messages, and you
might try typing `S' now just to see what is salvageable.

! Misplaced alignment tab character &.
l.235 ants &
             Python & Ant foraging simulation with stigmergic AIF agents & \...
I can't figure out why you would want to use a tab mark
here. If you just want an ampersand, the remedy is
simple: Just type `I\&' now. But if some right brace
up above has ended a previous alignment prematurely,
you're probably due for more error messages, and you
might try typing `S' now just to see what is salvageable.

! Misplaced alignment tab character &.
l.235 ants & Python &
                      Ant foraging simulation with stigmergic AIF agents & \...
I can't figure out why you would want to use a tab mark
here. If you just want an ampersand, the remedy is
simple: Just type `I\&' now. But if some right brace
up above has ended a previous alignment prematurely,
you're probably due for more error messages, and you
might try typing `S' now just to see what is salvageable.

! Misplaced alignment tab character &.
l.235 ...g simulation with stigmergic AIF agents &
                                                   \cite{heins2024collective...
I can't figure out why you would want to use a tab mark
here. If you just want an ampersand, the remedy is
simple: Just type `I\&' now. But if some right brace
up above has ended a previous alignment prematurely,
you're probably due for more error messages, and you
might try typing `S' now just to see what is salvageable.


LaTeX Warning: Citation `heins2024collective' on page 1 undefined on input line
 235.

! Misplaced alignment tab character &.
l.236 Reward\_Bases &
                      Python & Reward-basis function representations under A...
I can't figure out why you would want to use a tab mark
here. If you just want an ampersand, the remedy is
simple: Just type `I\&' now. But if some right brace
up above has ended a previous alignment prematurely,
you're probably due for more error messages, and you
might try typing `S' now just to see what is salvageable.

! Misplaced alignment tab character &.
l.236 Reward\_Bases & Python &
                               Reward-basis function representations under A...
I can't figure out why you would want to use a tab mark
here. If you just want an ampersand, the remedy is
simple: Just type `I\&' now. But if some right brace
up above has ended a previous alignment prematurely,
you're probably due for more error messages, and you
might try typing `S' now just to see what is salvageable.

! Misplaced alignment tab character &.
l.236 ...asis function representations under AIF &
                                                   bioRxiv:2022.04.14 \\
I can't figure out why you would want to use a tab mark
here. If you just want an ampersand, the remedy is
simple: Just type `I\&' now. But if some right brace
up above has ended a previous alignment prematurely,
you're probably due for more error messages, and you
might try typing `S' now just to see what is salvageable.

! Misplaced alignment tab character &.
l.237 action-oriented &
                        Python & Action-oriented predictive processing model...
I can't figure out why you would want to use a tab mark
here. If you just want an ampersand, the remedy is
simple: Just type `I\&' now. But if some right brace
up above has ended a previous alignment prematurely,
you're probably due for more error messages, and you
might try typing `S' now just to see what is salvageable.

! Misplaced alignment tab character &.
l.237 action-oriented & Python &
                                 Action-oriented predictive processing model...
I can't figure out why you would want to use a tab mark
here. If you just want an ampersand, the remedy is
simple: Just type `I\&' now. But if some right brace
up above has ended a previous alignment prematurely,
you're probably due for more error messages, and you
might try typing `S' now just to see what is salvageable.

! Misplaced alignment tab character &.
l.237 ...n-oriented predictive processing models &
                                                   \cite{tschantz2020action} \\
I can't figure out why you would want to use a tab mark
here. If you just want an ampersand, the remedy is
simple: Just type `I\&' now. But if some right brace
up above has ended a previous alignment prematurely,
you're probably due for more error messages, and you
might try typing `S' now just to see what is salvageable.


LaTeX Warning: Citation `tschantz2020action' on page 1 undefined on input line 
237.

! Misplaced alignment tab character &.
l.238 Biofirm &
                Python & Bioregional stewardship via organizational AIF & — \\
I can't figure out why you would want to use a tab mark
here. If you just want an ampersand, the remedy is
simple: Just type `I\&' now. But if some right brace
up above has ended a previous alignment prematurely,
you're probably due for more error messages, and you
might try typing `S' now just to see what is salvageable.

! Misplaced alignment tab character &.
l.238 Biofirm & Python &
                         Bioregional stewardship via organizational AIF & — \\
I can't figure out why you would want to use a tab mark
here. If you just want an ampersand, the remedy is
simple: Just type `I\&' now. But if some right brace
up above has ended a previous alignment prematurely,
you're probably due for more error messages, and you
might try typing `S' now just to see what is salvageable.

! Misplaced alignment tab character &.
l.238 ...onal stewardship via organizational AIF &
                                                   — \\
I can't figure out why you would want to use a tab mark
here. If you just want an ampersand, the remedy is
simple: Just type `I\&' now. But if some right brace
up above has ended a previous alignment prematurely,
you're probably due for more error messages, and you
might try typing `S' now just to see what is salvageable.

! Misplaced alignment tab character &.
l.239 bayesian-mechanics-sdes &
                                Python & Bayesian mechanics: SDE simulations...
I can't figure out why you would want to use a tab mark
here. If you just want an ampersand, the remedy is
simple: Just type `I\&' now. But if some right brace
up above has ended a previous alignment prematurely,
you're probably due for more error messages, and you
might try typing `S' now just to see what is salvageable.

! Misplaced alignment tab character &.
l.239 bayesian-mechanics-sdes & Python &
                                         Bayesian mechanics: SDE simulations...
I can't figure out why you would want to use a tab mark
here. If you just want an ampersand, the remedy is
simple: Just type `I\&' now. But if some right brace
up above has ended a previous alignment prematurely,
you're probably due for more error messages, and you
might try typing `S' now just to see what is salvageable.

! Misplaced alignment tab character &.
l.239 ... simulations of Markov blanket dynamics &
                                                   arXiv:2206.02629 \\
I can't figure out why you would want to use a tab mark
here. If you just want an ampersand, the remedy is
simple: Just type `I\&' now. But if some right brace
up above has ended a previous alignment prematurely,
you're probably due for more error messages, and you
might try typing `S' now just to see what is salvageable.

! Misplaced alignment tab character &.
l.240 reverse\_engineering &
                             MATLAB & Reverse-engineering neural dynamics un...
I can't figure out why you would want to use a tab mark
here. If you just want an ampersand, the remedy is
simple: Just type `I\&' now. But if some right brace
up above has ended a previous alignment prematurely,
you're probably due for more error messages, and you
might try typing `S' now just to see what is salvageable.

! Misplaced alignment tab character &.
l.240 reverse\_engineering & MATLAB &
                                      Reverse-engineering neural dynamics un...
I can't figure out why you would want to use a tab mark
here. If you just want an ampersand, the remedy is
simple: Just type `I\&' now. But if some right brace
up above has ended a previous alignment prematurely,
you're probably due for more error messages, and you
might try typing `S' now just to see what is salvageable.

! Misplaced alignment tab character &.
l.240 ...gineering neural dynamics under the FEP &
                                                   — \\
I can't figure out why you would want to use a tab mark
here. If you just want an ampersand, the remedy is
simple: Just type `I\&' now. But if some right brace
up above has ended a previous alignment prematurely,
you're probably due for more error messages, and you
might try typing `S' now just to see what is salvageable.

! Misplaced \noalign.
\hline ->\noalign 
                  {\ifnum 0=`}\fi \hrule \@height \arrayrulewidth \futurelet...
l.241 \hline
            
I expect to see \noalign only after the \cr of
an alignment. Proceed, and I'll ignore this case.

! Misplaced \omit.
\multispan ->\omit 
                   \@multispan 
l.242 ...{\textit{Multi-Agent \& Social Dynamics}}
                                                   \\
I expect to see \omit only after tab marks or the \cr of
an alignment. Proceed, and I'll ignore this case.

! Misplaced \span.
\sp@n ->\span 
              \omit \advance \@multicnt \m@ne 
l.242 ...{\textit{Multi-Agent \& Social Dynamics}}
                                                   \\
I can't figure out why you would want to use a tab mark
or \cr or \span just now. If something like a right brace
up above has ended a previous alignment prematurely,
you're probably due for more error messages, and you
might try typing `S' now just to see what is salvageable.

! Misplaced \omit.
\sp@n ->\span \omit 
                    \advance \@multicnt \m@ne 
l.242 ...{\textit{Multi-Agent \& Social Dynamics}}
                                                   \\
I expect to see \omit only after tab marks or the \cr of
an alignment. Proceed, and I'll ignore this case.

! Misplaced \span.
\sp@n ->\span 
              \omit \advance \@multicnt \m@ne 
l.242 ...{\textit{Multi-Agent \& Social Dynamics}}
                                                   \\
I can't figure out why you would want to use a tab mark
or \cr or \span just now. If something like a right brace
up above has ended a previous alignment prematurely,
you're probably due for more error messages, and you
might try typing `S' now just to see what is salvageable.

! Misplaced \omit.
\sp@n ->\span \omit 
                    \advance \@multicnt \m@ne 
l.242 ...{\textit{Multi-Agent \& Social Dynamics}}
                                                   \\
I expect to see \omit only after tab marks or the \cr of
an alignment. Proceed, and I'll ignore this case.

! Misplaced \span.
\sp@n ->\span 
              \omit \advance \@multicnt \m@ne 
l.242 ...{\textit{Multi-Agent \& Social Dynamics}}
                                                   \\
I can't figure out why you would want to use a tab mark
or \cr or \span just now. If something like a right brace
up above has ended a previous alignment prematurely,
you're probably due for more error messages, and you
might try typing `S' now just to see what is salvageable.

! Misplaced \omit.
\sp@n ->\span \omit 
                    \advance \@multicnt \m@ne 
l.242 ...{\textit{Multi-Agent \& Social Dynamics}}
                                                   \\
I expect to see \omit only after tab marks or the \cr of
an alignment. Proceed, and I'll ignore this case.

! Undefined control sequence.
<argument> ...nextchar \ifcase \@chclass \@classz 
                                                  \or \@classi \or \@classii...
l.242 ...{\textit{Multi-Agent \& Social Dynamics}}
                                                   \\
The control sequence at the end of the top line
of your error message was never \def'ed. If you have
misspelled it (e.g., `\hobx'), type `I' and the correct
spelling (e.g., `I\hbox'). Otherwise just continue,
and I'll forget about whatever was undefined.

! Undefined control sequence.
\@mkpream ...hclass }\ifcase \@lastchclass \@acol 
                                                  \or \or \@preamerr \@ne \o...
l.242 ...{\textit{Multi-Agent \& Social Dynamics}}
                                                   \\
The control sequence at the end of the top line
of your error message was never \def'ed. If you have
misspelled it (e.g., `\hobx'), type `I' and the correct
spelling (e.g., `I\hbox'). Otherwise just continue,
and I'll forget about whatever was undefined.

! Misplaced \noalign.
\hline ->\noalign 
                  {\ifnum 0=`}\fi \hrule \@height \arrayrulewidth \futurelet...
l.243 \hline
            
I expect to see \noalign only after the \cr of
an alignment. Proceed, and I'll ignore this case.

! Misplaced alignment tab character &.
l.244 opinion\_dynamics &
                          Python & Opinion dynamics and belief formation via...
I can't figure out why you would want to use a tab mark
here. If you just want an ampersand, the remedy is
simple: Just type `I\&' now. But if some right brace
up above has ended a previous alignment prematurely,
you're probably due for more error messages, and you
might try typing `S' now just to see what is salvageable.

! Misplaced alignment tab character &.
l.244 opinion\_dynamics & Python &
                                   Opinion dynamics and belief formation via...
I can't figure out why you would want to use a tab mark
here. If you just want an ampersand, the remedy is
simple: Just type `I\&' now. But if some right brace
up above has ended a previous alignment prematurely,
you're probably due for more error messages, and you
might try typing `S' now just to see what is salvageable.

! Misplaced alignment tab character &.
l.244 ...n dynamics and belief formation via AIF &
                                                   — \\
I can't figure out why you would want to use a tab mark
here. If you just want an ampersand, the remedy is
simple: Just type `I\&' now. But if some right brace
up above has ended a previous alignment prematurely,
you're probably due for more error messages, and you
might try typing `S' now just to see what is salvageable.

! Misplaced alignment tab character &.
l.245 network-actinf &
                       Python & Network-level active inference with coupled ...
I can't figure out why you would want to use a tab mark
here. If you just want an ampersand, the remedy is
simple: Just type `I\&' now. But if some right brace
up above has ended a previous alignment prematurely,
you're probably due for more error messages, and you
might try typing `S' now just to see what is salvageable.

! Misplaced alignment tab character &.
l.245 network-actinf & Python &
                                Network-level active inference with coupled ...
I can't figure out why you would want to use a tab mark
here. If you just want an ampersand, the remedy is
simple: Just type `I\&' now. But if some right brace
up above has ended a previous alignment prematurely,
you're probably due for more error messages, and you
might try typing `S' now just to see what is salvageable.

! Misplaced alignment tab character &.
l.245 ...el active inference with coupled agents &
                                                   — \\
I can't figure out why you would want to use a tab mark
here. If you just want an ampersand, the remedy is
simple: Just type `I\&' now. But if some right brace
up above has ended a previous alignment prematurely,
you're probably due for more error messages, and you
might try typing `S' now just to see what is salvageable.

! Misplaced alignment tab character &.
l.246 Variational-Capsule-Routing &
                                    Python & Capsule networks with variation...
I can't figure out why you would want to use a tab mark
here. If you just want an ampersand, the remedy is
simple: Just type `I\&' now. But if some right brace
up above has ended a previous alignment prematurely,
you're probably due for more error messages, and you
might try typing `S' now just to see what is salvageable.

! Misplaced alignment tab character &.
l.246 Variational-Capsule-Routing & Python &
                                             Capsule networks with variation...
I can't figure out why you would want to use a tab mark
here. If you just want an ampersand, the remedy is
simple: Just type `I\&' now. But if some right brace
up above has ended a previous alignment prematurely,
you're probably due for more error messages, and you
might try typing `S' now just to see what is salvageable.

! Misplaced alignment tab character &.
l.246 ...orks with variational inference routing &
                                                   AAAI 2020 \\
I can't figure out why you would want to use a tab mark
here. If you just want an ampersand, the remedy is
simple: Just type `I\&' now. But if some right brace
up above has ended a previous alignment prematurely,
you're probably due for more error messages, and you
might try typing `S' now just to see what is salvageable.

! Misplaced alignment tab character &.
l.247 Active-Inference-Successor &
                                   Python & Successor representations under ...
I can't figure out why you would want to use a tab mark
here. If you just want an ampersand, the remedy is
simple: Just type `I\&' now. But if some right brace
up above has ended a previous alignment prematurely,
you're probably due for more error messages, and you
might try typing `S' now just to see what is salvageable.

! Misplaced alignment tab character &.
l.247 Active-Inference-Successor & Python &
                                            Successor representations under ...
I can't figure out why you would want to use a tab mark
here. If you just want an ampersand, the remedy is
simple: Just type `I\&' now. But if some right brace
up above has ended a previous alignment prematurely,
you're probably due for more error messages, and you
might try typing `S' now just to see what is salvageable.

! Misplaced alignment tab character &.
l.247 ... representations under active inference &
                                                   — \\
I can't figure out why you would want to use a tab mark
here. If you just want an ampersand, the remedy is
simple: Just type `I\&' now. But if some right brace
up above has ended a previous alignment prematurely,
you're probably due for more error messages, and you
might try typing `S' now just to see what is salvageable.

! Misplaced \noalign.
\hline ->\noalign 
                  {\ifnum 0=`}\fi \hrule \@height \arrayrulewidth \futurelet...
l.248 \hline
            
I expect to see \noalign only after the \cr of
an alignment. Proceed, and I'll ignore this case.

! Misplaced \omit.
\multispan ->\omit 
                   \@multispan 
l.249 ...c}{\textit{Domain-Specific Applications}}
                                                   \\
I expect to see \omit only after tab marks or the \cr of
an alignment. Proceed, and I'll ignore this case.

! Misplaced \span.
\sp@n ->\span 
              \omit \advance \@multicnt \m@ne 
l.249 ...c}{\textit{Domain-Specific Applications}}
                                                   \\
I can't figure out why you would want to use a tab mark
or \cr or \span just now. If something like a right brace
up above has ended a previous alignment prematurely,
you're probably due for more error messages, and you
might try typing `S' now just to see what is salvageable.

! Misplaced \omit.
\sp@n ->\span \omit 
                    \advance \@multicnt \m@ne 
l.249 ...c}{\textit{Domain-Specific Applications}}
                                                   \\
I expect to see \omit only after tab marks or the \cr of
an alignment. Proceed, and I'll ignore this case.

! Misplaced \span.
\sp@n ->\span 
              \omit \advance \@multicnt \m@ne 
l.249 ...c}{\textit{Domain-Specific Applications}}
                                                   \\
I can't figure out why you would want to use a tab mark
or \cr or \span just now. If something like a right brace
up above has ended a previous alignment prematurely,
you're probably due for more error messages, and you
might try typing `S' now just to see what is salvageable.

! Misplaced \omit.
\sp@n ->\span \omit 
                    \advance \@multicnt \m@ne 
l.249 ...c}{\textit{Domain-Specific Applications}}
                                                   \\
I expect to see \omit only after tab marks or the \cr of
an alignment. Proceed, and I'll ignore this case.

! Misplaced \span.
\sp@n ->\span 
              \omit \advance \@multicnt \m@ne 
l.249 ...c}{\textit{Domain-Specific Applications}}
                                                   \\
I can't figure out why you would want to use a tab mark
or \cr or \span just now. If something like a right brace
up above has ended a previous alignment prematurely,
you're probably due for more error messages, and you
might try typing `S' now just to see what is salvageable.

! Misplaced \omit.
\sp@n ->\span \omit 
                    \advance \@multicnt \m@ne 
l.249 ...c}{\textit{Domain-Specific Applications}}
                                                   \\
I expect to see \omit only after tab marks or the \cr of
an alignment. Proceed, and I'll ignore this case.

! Undefined control sequence.
<argument> ...nextchar \ifcase \@chclass \@classz 
                                                  \or \@classi \or \@classii...
l.249 ...c}{\textit{Domain-Specific Applications}}
                                                   \\
The control sequence at the end of the top line
of your error message was never \def'ed. If you have
misspelled it (e.g., `\hobx'), type `I' and the correct
spelling (e.g., `I\hbox'). Otherwise just continue,
and I'll forget about whatever was undefined.

! Undefined control sequence.
\@mkpream ...hclass }\ifcase \@lastchclass \@acol 
                                                  \or \or \@preamerr \@ne \o...
l.249 ...c}{\textit{Domain-Specific Applications}}
                                                   \\
The control sequence at the end of the top line
of your error message was never \def'ed. If you have
misspelled it (e.g., `\hobx'), type `I' and the correct
spelling (e.g., `I\hbox'). Otherwise just continue,
and I'll forget about whatever was undefined.

! Misplaced \noalign.
\hline ->\noalign 
                  {\ifnum 0=`}\fi \hrule \@height \arrayrulewidth \futurelet...
l.250 \hline
            
I expect to see \noalign only after the \cr of
an alignment. Proceed, and I'll ignore this case.

! Misplaced alignment tab character &.
l.251 adaptive\_aif\_agents\_fl &
                                  Python & Adaptive AIF agents for federated...
I can't figure out why you would want to use a tab mark
here. If you just want an ampersand, the remedy is
simple: Just type `I\&' now. But if some right brace
up above has ended a previous alignment prematurely,
you're probably due for more error messages, and you
might try typing `S' now just to see what is salvageable.

! Misplaced alignment tab character &.
l.251 adaptive\_aif\_agents\_fl & Python &
                                           Adaptive AIF agents for federated...
I can't figure out why you would want to use a tab mark
here. If you just want an ampersand, the remedy is
simple: Just type `I\&' now. But if some right brace
up above has ended a previous alignment prematurely,
you're probably due for more error messages, and you
might try typing `S' now just to see what is salvageable.

! Misplaced alignment tab character &.
l.251 ...ptive AIF agents for federated learning &
                                                   arXiv:2410.09099 \\
I can't figure out why you would want to use a tab mark
here. If you just want an ampersand, the remedy is
simple: Just type `I\&' now. But if some right brace
up above has ended a previous alignment prematurely,
you're probably due for more error messages, and you
might try typing `S' now just to see what is salvageable.

! Misplaced alignment tab character &.
l.252 smartville &
                   Python & IoT smart building control via AIF under partial...
I can't figure out why you would want to use a tab mark
here. If you just want an ampersand, the remedy is
simple: Just type `I\&' now. But if some right brace
up above has ended a previous alignment prematurely,
you're probably due for more error messages, and you
might try typing `S' now just to see what is salvageable.

! Misplaced alignment tab character &.
l.252 smartville & Python &
                            IoT smart building control via AIF under partial...
I can't figure out why you would want to use a tab mark
here. If you just want an ampersand, the remedy is
simple: Just type `I\&' now. But if some right brace
up above has ended a previous alignment prematurely,
you're probably due for more error messages, and you
might try typing `S' now just to see what is salvageable.

! Misplaced alignment tab character &.
l.252 ...rol via AIF under partial observability &
                                                   TechRxiv 2025 \\
I can't figure out why you would want to use a tab mark
here. If you just want an ampersand, the remedy is
simple: Just type `I\&' now. But if some right brace
up above has ended a previous alignment prematurely,
you're probably due for more error messages, and you
might try typing `S' now just to see what is salvageable.

! Misplaced alignment tab character &.
l.253 FEP\_Blorpomon &
                       Python & Game-theoretic AIF agent demonstration & — \\
I can't figure out why you would want to use a tab mark
here. If you just want an ampersand, the remedy is
simple: Just type `I\&' now. But if some right brace
up above has ended a previous alignment prematurely,
you're probably due for more error messages, and you
might try typing `S' now just to see what is salvageable.

! Misplaced alignment tab character &.
l.253 FEP\_Blorpomon & Python &
                                Game-theoretic AIF agent demonstration & — \\
I can't figure out why you would want to use a tab mark
here. If you just want an ampersand, the remedy is
simple: Just type `I\&' now. But if some right brace
up above has ended a previous alignment prematurely,
you're probably due for more error messages, and you
might try typing `S' now just to see what is salvageable.

! Misplaced alignment tab character &.
l.253 ... Game-theoretic AIF agent demonstration &
                                                   — \\
I can't figure out why you would want to use a tab mark
here. If you just want an ampersand, the remedy is
simple: Just type `I\&' now. But if some right brace
up above has ended a previous alignment prematurely,
you're probably due for more error messages, and you
might try typing `S' now just to see what is salvageable.

! Misplaced alignment tab character &.
l.254 MountainCarAI &
                      Python & Mountain car control via active inference & — \\
I can't figure out why you would want to use a tab mark
here. If you just want an ampersand, the remedy is
simple: Just type `I\&' now. But if some right brace
up above has ended a previous alignment prematurely,
you're probably due for more error messages, and you
might try typing `S' now just to see what is salvageable.

! Misplaced alignment tab character &.
l.254 MountainCarAI & Python &
                               Mountain car control via active inference & — \\
I can't figure out why you would want to use a tab mark
here. If you just want an ampersand, the remedy is
simple: Just type `I\&' now. But if some right brace
up above has ended a previous alignment prematurely,
you're probably due for more error messages, and you
might try typing `S' now just to see what is salvageable.

! Misplaced alignment tab character &.
l.254 ...untain car control via active inference &
                                                   — \\
I can't figure out why you would want to use a tab mark
here. If you just want an ampersand, the remedy is
simple: Just type `I\&' now. But if some right brace
up above has ended a previous alignment prematurely,
you're probably due for more error messages, and you
might try typing `S' now just to see what is salvageable.

! Misplaced alignment tab character &.
l.255 rl-inference &
                     Python & Bridging RL and active inference policy select...
I can't figure out why you would want to use a tab mark
here. If you just want an ampersand, the remedy is
simple: Just type `I\&' now. But if some right brace
up above has ended a previous alignment prematurely,
you're probably due for more error messages, and you
might try typing `S' now just to see what is salvageable.

! Misplaced alignment tab character &.
l.255 rl-inference & Python &
                              Bridging RL and active inference policy select...
I can't figure out why you would want to use a tab mark
here. If you just want an ampersand, the remedy is
simple: Just type `I\&' now. But if some right brace
up above has ended a previous alignment prematurely,
you're probably due for more error messages, and you
might try typing `S' now just to see what is salvageable.

! Misplaced alignment tab character &.
l.255 ...L and active inference policy selection &
                                                   arXiv:2002.12636 \\
I can't figure out why you would want to use a tab mark
here. If you just want an ampersand, the remedy is
simple: Just type `I\&' now. But if some right brace
up above has ended a previous alignment prematurely,
you're probably due for more error messages, and you
might try typing `S' now just to see what is salvageable.

! Misplaced alignment tab character &.
l.256 EFE-GLean &
                  Python & Expected free energy with generalized learning & ...
I can't figure out why you would want to use a tab mark
here. If you just want an ampersand, the remedy is
simple: Just type `I\&' now. But if some right brace
up above has ended a previous alignment prematurely,
you're probably due for more error messages, and you
might try typing `S' now just to see what is salvageable.

! Misplaced alignment tab character &.
l.256 EFE-GLean & Python &
                           Expected free energy with generalized learning & ...
I can't figure out why you would want to use a tab mark
here. If you just want an ampersand, the remedy is
simple: Just type `I\&' now. But if some right brace
up above has ended a previous alignment prematurely,
you're probably due for more error messages, and you
might try typing `S' now just to see what is salvageable.

! Misplaced alignment tab character &.
l.256 ...d free energy with generalized learning &
                                                   Entropy 2025 \\
I can't figure out why you would want to use a tab mark
here. If you just want an ampersand, the remedy is
simple: Just type `I\&' now. But if some right brace
up above has ended a previous alignment prematurely,
you're probably due for more error messages, and you
might try typing `S' now just to see what is salvageable.

! Misplaced alignment tab character &.
l.257 EFEasVFE &
                 Julia & EFE reformulated as variational free energy & — \\
I can't figure out why you would want to use a tab mark
here. If you just want an ampersand, the remedy is
simple: Just type `I\&' now. But if some right brace
up above has ended a previous alignment prematurely,
you're probably due for more error messages, and you
might try typing `S' now just to see what is salvageable.

! Misplaced alignment tab character &.
l.257 EFEasVFE & Julia &
                         EFE reformulated as variational free energy & — \\
I can't figure out why you would want to use a tab mark
here. If you just want an ampersand, the remedy is
simple: Just type `I\&' now. But if some right brace
up above has ended a previous alignment prematurely,
you're probably due for more error messages, and you
might try typing `S' now just to see what is salvageable.

! Misplaced alignment tab character &.
l.257 ...reformulated as variational free energy &
                                                   — \\
I can't figure out why you would want to use a tab mark
here. If you just want an ampersand, the remedy is
simple: Just type `I\&' now. But if some right brace
up above has ended a previous alignment prematurely,
you're probably due for more error messages, and you
might try typing `S' now just to see what is salvageable.

! Misplaced alignment tab character &.
l.258 Robust-FE-Minimization &
                               Python & Robust decision-making via free ener...
I can't figure out why you would want to use a tab mark
here. If you just want an ampersand, the remedy is
simple: Just type `I\&' now. But if some right brace
up above has ended a previous alignment prematurely,
you're probably due for more error messages, and you
might try typing `S' now just to see what is salvageable.

! Misplaced alignment tab character &.
l.258 Robust-FE-Minimization & Python &
                                        Robust decision-making via free ener...
I can't figure out why you would want to use a tab mark
here. If you just want an ampersand, the remedy is
simple: Just type `I\&' now. But if some right brace
up above has ended a previous alignment prematurely,
you're probably due for more error messages, and you
might try typing `S' now just to see what is salvageable.

! Misplaced alignment tab character &.
l.258 ...ion-making via free energy minimization &
                                                   arXiv:2503.13223 \\
I can't figure out why you would want to use a tab mark
here. If you just want an ampersand, the remedy is
simple: Just type `I\&' now. But if some right brace
up above has ended a previous alignment prematurely,
you're probably due for more error messages, and you
might try typing `S' now just to see what is salvageable.

! Misplaced \noalign.
\hline ->\noalign 
                  {\ifnum 0=`}\fi \hrule \@height \arrayrulewidth \futurelet...
l.259 \hline
            
I expect to see \noalign only after the \cr of
an alignment. Proceed, and I'll ignore this case.

! Misplaced \omit.
\multispan ->\omit 
                   \@multispan 
l.260 ...xtit{Tutorials \& Educational Resources}}
                                                   \\
I expect to see \omit only after tab marks or the \cr of
an alignment. Proceed, and I'll ignore this case.

! Misplaced \span.
\sp@n ->\span 
              \omit \advance \@multicnt \m@ne 
l.260 ...xtit{Tutorials \& Educational Resources}}
                                                   \\
I can't figure out why you would want to use a tab mark
or \cr or \span just now. If something like a right brace
up above has ended a previous alignment prematurely,
you're probably due for more error messages, and you
might try typing `S' now just to see what is salvageable.

! Misplaced \omit.
\sp@n ->\span \omit 
                    \advance \@multicnt \m@ne 
l.260 ...xtit{Tutorials \& Educational Resources}}
                                                   \\
I expect to see \omit only after tab marks or the \cr of
an alignment. Proceed, and I'll ignore this case.

! Misplaced \span.
\sp@n ->\span 
              \omit \advance \@multicnt \m@ne 
l.260 ...xtit{Tutorials \& Educational Resources}}
                                                   \\
I can't figure out why you would want to use a tab mark
or \cr or \span just now. If something like a right brace
up above has ended a previous alignment prematurely,
you're probably due for more error messages, and you
might try typing `S' now just to see what is salvageable.

! Misplaced \omit.
\sp@n ->\span \omit 
                    \advance \@multicnt \m@ne 
l.260 ...xtit{Tutorials \& Educational Resources}}
                                                   \\
I expect to see \omit only after tab marks or the \cr of
an alignment. Proceed, and I'll ignore this case.

! Misplaced \span.
\sp@n ->\span 
              \omit \advance \@multicnt \m@ne 
l.260 ...xtit{Tutorials \& Educational Resources}}
                                                   \\
I can't figure out why you would want to use a tab mark
or \cr or \span just now. If something like a right brace
up above has ended a previous alignment prematurely,
you're probably due for more error messages, and you
might try typing `S' now just to see what is salvageable.

! Misplaced \omit.
\sp@n ->\span \omit 
                    \advance \@multicnt \m@ne 
l.260 ...xtit{Tutorials \& Educational Resources}}
                                                   \\
I expect to see \omit only after tab marks or the \cr of
an alignment. Proceed, and I'll ignore this case.

! Undefined control sequence.
<argument> ...nextchar \ifcase \@chclass \@classz 
                                                  \or \@classi \or \@classii...
l.260 ...xtit{Tutorials \& Educational Resources}}
                                                   \\
The control sequence at the end of the top line
of your error message was never \def'ed. If you have
misspelled it (e.g., `\hobx'), type `I' and the correct
spelling (e.g., `I\hbox'). Otherwise just continue,
and I'll forget about whatever was undefined.

! Undefined control sequence.
\@mkpream ...hclass }\ifcase \@lastchclass \@acol 
                                                  \or \or \@preamerr \@ne \o...
l.260 ...xtit{Tutorials \& Educational Resources}}
                                                   \\
The control sequence at the end of the top line
of your error message was never \def'ed. If you have
misspelled it (e.g., `\hobx'), type `I' and the correct
spelling (e.g., `I\hbox'). Otherwise just continue,
and I'll forget about whatever was undefined.

! Misplaced \noalign.
\hline ->\noalign 
                  {\ifnum 0=`}\fi \hrule \@height \arrayrulewidth \futurelet...
l.261 \hline
            
I expect to see \noalign only after the \cr of
an alignment. Proceed, and I'll ignore this case.

! Misplaced alignment tab character &.
l.262 Active-Inference-from-Scratch &
                                      Python & Step-by-step AIF implementati...
I can't figure out why you would want to use a tab mark
here. If you just want an ampersand, the remedy is
simple: Just type `I\&' now. But if some right brace
up above has ended a previous alignment prematurely,
you're probably due for more error messages, and you
might try typing `S' now just to see what is salvageable.

! Misplaced alignment tab character &.
l.262 Active-Inference-from-Scratch & Python &
                                               Step-by-step AIF implementati...
I can't figure out why you would want to use a tab mark
here. If you just want an ampersand, the remedy is
simple: Just type `I\&' now. But if some right brace
up above has ended a previous alignment prematurely,
you're probably due for more error messages, and you
might try typing `S' now just to see what is salvageable.

! Misplaced alignment tab character &.
l.262 ...tep-by-step AIF implementation tutorial &
                                                   — \\
I can't figure out why you would want to use a tab mark
here. If you just want an ampersand, the remedy is
simple: Just type `I\&' now. But if some right brace
up above has ended a previous alignment prematurely,
you're probably due for more error messages, and you
might try typing `S' now just to see what is salvageable.

! Misplaced alignment tab character &.
l.263 IC2S2-AIF-Tutorial &
                           Python & Computational social science AIF tutoria...
I can't figure out why you would want to use a tab mark
here. If you just want an ampersand, the remedy is
simple: Just type `I\&' now. But if some right brace
up above has ended a previous alignment prematurely,
you're probably due for more error messages, and you
might try typing `S' now just to see what is salvageable.

! Misplaced alignment tab character &.
l.263 IC2S2-AIF-Tutorial & Python &
                                    Computational social science AIF tutoria...
I can't figure out why you would want to use a tab mark
here. If you just want an ampersand, the remedy is
simple: Just type `I\&' now. But if some right brace
up above has ended a previous alignment prematurely,
you're probably due for more error messages, and you
might try typing `S' now just to see what is salvageable.

! Misplaced alignment tab character &.
l.263 ...mputational social science AIF tutorial &
                                                   — \\
I can't figure out why you would want to use a tab mark
here. If you just want an ampersand, the remedy is
simple: Just type `I\&' now. But if some right brace
up above has ended a previous alignment prematurely,
you're probably due for more error messages, and you
might try typing `S' now just to see what is salvageable.

! Misplaced alignment tab character &.
l.264 julia4ta tutorials (9x10--12) &
                                      Julia & RxInfer-based AIF agent tutori...
I can't figure out why you would want to use a tab mark
here. If you just want an ampersand, the remedy is
simple: Just type `I\&' now. But if some right brace
up above has ended a previous alignment prematurely,
you're probably due for more error messages, and you
might try typing `S' now just to see what is salvageable.

! Misplaced alignment tab character &.
l.264 julia4ta tutorials (9x10--12) & Julia &
                                              RxInfer-based AIF agent tutori...
I can't figure out why you would want to use a tab mark
here. If you just want an ampersand, the remedy is
simple: Just type `I\&' now. But if some right brace
up above has ended a previous alignment prematurely,
you're probably due for more error messages, and you
might try typing `S' now just to see what is salvageable.

! Misplaced alignment tab character &.
l.264 ...lia & RxInfer-based AIF agent tutorials &
                                                   — \\
I can't figure out why you would want to use a tab mark
here. If you just want an ampersand, the remedy is
simple: Just type `I\&' now. But if some right brace
up above has ended a previous alignment prematurely,
you're probably due for more error messages, and you
might try typing `S' now just to see what is salvageable.

! Misplaced alignment tab character &.
l.265 ActInf Textbook Colab &
                              Python & Interactive notebooks for \cite{parr2...
I can't figure out why you would want to use a tab mark
here. If you just want an ampersand, the remedy is
simple: Just type `I\&' now. But if some right brace
up above has ended a previous alignment prematurely,
you're probably due for more error messages, and you
might try typing `S' now just to see what is salvageable.

! Misplaced alignment tab character &.
l.265 ActInf Textbook Colab & Python &
                                       Interactive notebooks for \cite{parr2...
I can't figure out why you would want to use a tab mark
here. If you just want an ampersand, the remedy is
simple: Just type `I\&' now. But if some right brace
up above has ended a previous alignment prematurely,
you're probably due for more error messages, and you
might try typing `S' now just to see what is salvageable.


LaTeX Warning: Citation `parr2022active' on page 1 undefined on input line 265.


! Misplaced alignment tab character &.
l.265 ...ive notebooks for \cite{parr2022active} &
                                                   — \\
I can't figure out why you would want to use a tab mark
here. If you just want an ampersand, the remedy is
simple: Just type `I\&' now. But if some right brace
up above has ended a previous alignment prematurely,
you're probably due for more error messages, and you
might try typing `S' now just to see what is salvageable.

! Misplaced alignment tab character &.
l.266 deep\_aif\_workshop &
                            Python & Workshop materials for deep active infe...
I can't figure out why you would want to use a tab mark
here. If you just want an ampersand, the remedy is
simple: Just type `I\&' now. But if some right brace
up above has ended a previous alignment prematurely,
you're probably due for more error messages, and you
might try typing `S' now just to see what is salvageable.

! Misplaced alignment tab character &.
l.266 deep\_aif\_workshop & Python &
                                     Workshop materials for deep active infe...
I can't figure out why you would want to use a tab mark
here. If you just want an ampersand, the remedy is
simple: Just type `I\&' now. But if some right brace
up above has ended a previous alignment prematurely,
you're probably due for more error messages, and you
might try typing `S' now just to see what is salvageable.

! Misplaced alignment tab character &.
l.266 ...hop materials for deep active inference &
                                                   — \\
I can't figure out why you would want to use a tab mark
here. If you just want an ampersand, the remedy is
simple: Just type `I\&' now. But if some right brace
up above has ended a previous alignment prematurely,
you're probably due for more error messages, and you
might try typing `S' now just to see what is salvageable.

! Misplaced alignment tab character &.
l.267 AdaptiveResonance.jl &
                             Julia & Adaptive resonance theory models in Jul...
I can't figure out why you would want to use a tab mark
here. If you just want an ampersand, the remedy is
simple: Just type `I\&' now. But if some right brace
up above has ended a previous alignment prematurely,
you're probably due for more error messages, and you
might try typing `S' now just to see what is salvageable.

! Misplaced alignment tab character &.
l.267 AdaptiveResonance.jl & Julia &
                                     Adaptive resonance theory models in Jul...
I can't figure out why you would want to use a tab mark
here. If you just want an ampersand, the remedy is
simple: Just type `I\&' now. But if some right brace
up above has ended a previous alignment prematurely,
you're probably due for more error messages, and you
might try typing `S' now just to see what is salvageable.

! Misplaced alignment tab character &.
l.267 ...aptive resonance theory models in Julia &
                                                   — \\
I can't figure out why you would want to use a tab mark
here. If you just want an ampersand, the remedy is
simple: Just type `I\&' now. But if some right brace
up above has ended a previous alignment prematurely,
you're probably due for more error messages, and you
might try typing `S' now just to see what is salvageable.

! Misplaced \noalign.
\hline ->\noalign 
                  {\ifnum 0=`}\fi \hrule \@height \arrayrulewidth \futurelet...
l.268 \hline
            
I expect to see \noalign only after the \cr of
an alignment. Proceed, and I'll ignore this case.


! LaTeX Error: \begin{center} on input line 187 ended by \end{longtable}.

See the LaTeX manual or LaTeX Companion for explanation.
Type  H <return>  for immediate help.
 ...                                              
                                                  
l.269 \end{longtable}
                     
Your command was ignored.
Type  I <command> <return>  to replace it with another command,
or  <return>  to continue without it.

! Undefined control sequence.
l.280 \toprule
              
The control sequence at the end of the top line
of your error message was never \def'ed. If you have
misspelled it (e.g., `\hobx'), type `I' and the correct
spelling (e.g., `I\hbox'). Otherwise just continue,
and I'll forget about whatever was undefined.

! Undefined control sequence.
<recently read> \midrule 
                         
l.282 \midrule
              
The control sequence at the end of the top line
of your error message was never \def'ed. If you have
misspelled it (e.g., `\hobx'), type `I' and the correct
spelling (e.g., `I\hbox'). Otherwise just continue,
and I'll forget about whatever was undefined.

! Undefined control sequence.
<recently read> \bottomrule 
                            
l.292 \bottomrule
                 
The control sequence at the end of the top line
of your error message was never \def'ed. If you have
misspelled it (e.g., `\hobx'), type `I' and the correct
spelling (e.g., `I\hbox'). Otherwise just continue,
and I'll forget about whatever was undefined.


Overfull \hbox (320.84727pt too wide) in paragraph at lines 279--294
 [] 
 []

! Undefined control sequence.
l.311 \citep
            {dayan1995helmholtz}, Boltzmann machines
The control sequence at the end of the top line
of your error message was never \def'ed. If you have
misspelled it (e.g., `\hobx'), type `I' and the correct
spelling (e.g., `I\hbox'). Otherwise just continue,
and I'll forget about whatever was undefined.

! Undefined control sequence.
l.312 \citep
            {hinton2002training}, and variational autoencoders
The control sequence at the end of the top line
of your error message was never \def'ed. If you have
misspelled it (e.g., `\hobx'), type `I' and the correct
spelling (e.g., `I\hbox'). Otherwise just continue,
and I'll forget about whatever was undefined.

! Undefined control sequence.
l.313 \citep
            {kingma2014auto}---suggest that interoperability with mainstream
The control sequence at the end of the top line
of your error message was never \def'ed. If you have
misspelled it (e.g., `\hobx'), type `I' and the correct
spelling (e.g., `I\hbox'). Otherwise just continue,
and I'll forget about whatever was undefined.

! Undefined control sequence.
l.323 \citep
            {groth2010anatomy, kuhn2016decentralized} provides a principled
The control sequence at the end of the top line
of your error message was never \def'ed. If you have
misspelled it (e.g., `\hobx'), type `I' and the correct
spelling (e.g., `I\hbox'). Otherwise just continue,
and I'll forget about whatever was undefined.


LaTeX Warning: Hyper reference `sec:methods_kg' on page 1 undefined on input li
ne 333.


LaTeX Warning: Reference `sec:appendix_rdf' on page 1 undefined on input line 3
34.

! Undefined control sequence.
l.345 nanopub-js v0.1.0 \citep
                              {kuhn2026nanopubjs}---a JavaScript library
The control sequence at the end of the top line
of your error message was never \def'ed. If you have
misspelled it (e.g., `\hobx'), type `I' and the correct
spelling (e.g., `I\hbox'). Otherwise just continue,
and I'll forget about whatever was undefined.

! Undefined control sequence.
l.350 \citep
            {kuhn2014trusty} would provide cryptographic content verification
The control sequence at the end of the top line
of your error message was never \def'ed. If you have
misspelled it (e.g., `\hobx'), type `I' and the correct
spelling (e.g., `I\hbox'). Otherwise just continue,
and I'll forget about whatever was undefined.

! Undefined control sequence.
l.414 \toprule
              
The control sequence at the end of the top line
of your error message was never \def'ed. If you have
misspelled it (e.g., `\hobx'), type `I' and the correct
spelling (e.g., `I\hbox'). Otherwise just continue,
and I'll forget about whatever was undefined.

! Undefined control sequence.
<recently read> \midrule 
                         
l.416 \midrule
              
The control sequence at the end of the top line
of your error message was never \def'ed. If you have
misspelled it (e.g., `\hobx'), type `I' and the correct
spelling (e.g., `I\hbox'). Otherwise just continue,
and I'll forget about whatever was undefined.

! Undefined control sequence.
<recently read> \bottomrule 
                            
l.424 \bottomrule
                 
The control sequence at the end of the top line
of your error message was never \def'ed. If you have
misspelled it (e.g., `\hobx'), type `I' and the correct
spelling (e.g., `I\hbox'). Otherwise just continue,
and I'll forget about whatever was undefined.


LaTeX Warning: Hyper reference `sec:hypothesis_results' on page 1 undefined on 
input line 431.

)
Overfull \vbox (4668.51556pt too high) detected at line 526
 []

[1

]
\tf@nav=\write5
\openout5 = `05_appendix_tooling_slides.nav'.

\tf@toc=\write6
\openout6 = `05_appendix_tooling_slides.toc'.

\tf@snm=\write7
\openout7 = `05_appendix_tooling_slides.snm'.


(/Users/4d/Documents/GitHub/template/projects/act_inf_metaanalysis/output/slide
s/05_appendix_tooling_slides.aux)
 ***********
LaTeX2e <2025-11-01>
L3 programming layer <2026-01-19>
 ***********


LaTeX Warning: There were undefined references.

 ) 
Here is how much of TeX's memory you used:
 29400 strings out of 468168
 594714 string characters out of 5432816
 1304408 words of memory out of 5000000
 57588 multiletter control sequences out of 15000+600000
 631288 words of font info for 76 fonts, out of 8000000 for 9000
 1348 hyphenation exceptions out of 8191
 128i,12n,123p,1103b,828s stack positions out of 10000i,1000n,20000p,200000b,200000s

Output written on /Users/4d/Documents/GitHub/template/projects/act_inf_metaanal
ysis/output/slides/05_appendix_tooling_slides.pdf (1 page).
